stock_code,entry_date,exit_date,days_held,entry_price,exit_price,quantity,signal_type,signal_strength,exit_reason,gross_pnl,net_pnl,pnl_pct,commissions,slippage,stop_loss,target1,target2
BBRI,2023-02-22,2023-02-24,3,4760.0,4760.0,3100,BUY - REVERSAL,97,MAX_HOLDING,0.0,-73780.0,0.0,44268.0,29512.0,4641.0,4938.0,4998.0
JPFA,2023-03-02,2023-03-06,3,1290.0,1258.0,11600,BUY - REVERSAL,100,STOP_LOSS,-371200.0,-445092.0,-2.4806201550387597,44335.2,29556.800000000003,1258.0,1338.0,1354.0
CTRA,2023-03-16,2023-03-20,3,940.0,930.0,15800,BUY - REVERSAL,91,MAX_HOLDING,-158000.0,-231865.0,-1.0638297872340425,44319.0,29546.0,916.0,975.0,987.0
APIC,2023-03-17,2023-03-20,2,1190.0,1166.0,12500,BUY - MOMENTUM,89,STOP_LOSS,-300000.0,-373625.0,-2.0168067226890756,44175.0,29450.0,1166.0,1226.0,1238.0
BBNI,2023-03-17,2023-03-21,3,9025.0,9025.0,1600,BUY - MOMENTUM,76,STOP_LOSS,0.0,-72200.0,0.0,43320.0,28880.0,8844.0,9296.0,9386.0
DRMA,2023-03-27,2023-03-27,1,795.0,779.0,18600,BUY - MOMENTUM,80,STOP_LOSS,-297600.0,-370791.0,-2.0125786163522013,43914.600000000006,29276.4,779.0,819.0,827.0
UNTR,2023-03-24,2023-03-28,3,27675.0,28090.124999999996,500,BUY - MOMENTUM,75,STOP_LOSS,207562.4999999982,137856.0937499982,1.499999999999987,41823.84375,27882.5625,27122.0,28505.0,28782.0
BSDE,2023-03-31,2023-03-31,1,980.0,960.0,15000,BUY - MOMENTUM,82,STOP_LOSS,-300000.0,-372750.0,-2.0408163265306123,43650.0,29100.0,960.0,1009.0,1019.0
SMRA,2023-04-03,2023-04-04,2,535.0,524.0,27500,BUY - MOMENTUM,80,STOP_LOSS,-302500.0,-375306.25,-2.0560747663551404,43683.75,29122.5,524.0,551.0,556.0
AGII,2023-04-05,2023-04-06,2,1995.0,1945.0,7300,BUY - REVERSAL,100,STOP_LOSS,-365000.0,-436905.0,-2.506265664160401,43143.0,28762.0,1945.0,2070.0,2095.0
BRIS,2023-04-14,2023-04-14,1,1785.0,1749.0,8100,BUY - MOMENTUM,100,STOP_LOSS,-291600.0,-363163.5,-2.0168067226890756,42938.100000000006,28625.4,1749.0,1839.0,1856.0
JSMR,2023-04-14,2023-04-14,1,3390.0,3322.0,4300,BUY - MOMENTUM,100,STOP_LOSS,-292400.0,-364554.0,-2.005899705014749,43292.4,28861.6,3322.0,3492.0,3526.0
CTRA,2023-04-14,2023-04-17,2,1005.0,985.0,14500,BUY - MOMENTUM,85,STOP_LOSS,-290000.0,-362137.5,-1.9900497512437811,43282.5,28855.0,985.0,1035.0,1045.0
BMRI,2023-04-14,2023-04-18,3,5225.0,5175.0,2700,BUY - MOMENTUM,93,MAX_HOLDING,-135000.0,-205200.0,-0.9569377990430622,42120.0,28080.0,5120.0,5382.0,5434.0
BFIN,2023-04-18,2023-04-26,2,1320.0,1287.0,10900,BUY - REVERSAL,100,STOP_LOSS,-359700.0,-430740.75,-2.5,42624.45,28416.300000000003,1287.0,1370.0,1386.0
BMRI,2023-04-18,2023-04-26,2,5175.0,5382.0,2700,BUY - MOMENTUM,77,TARGET2,558900.0,487640.25,4.0,42755.850000000006,28503.9,5072.0,5330.0,5382.0
KLBF,2023-04-26,2023-04-26,1,2080.0,2038.0,6900,BUY - MOMENTUM,96,STOP_LOSS,-289800.0,-360835.5,-2.019230769230769,42621.3,28414.2,2038.0,2142.0,2163.0
BBRI,2023-04-26,2023-04-27,2,5025.0,5025.0,2800,BUY - MOMENTUM,94,STOP_LOSS,0.0,-70350.0,0.0,42210.0,28140.0,4924.0,5176.0,5226.0
BTPS,2023-04-27,2023-04-28,2,2200.0,2145.0,6500,BUY - REVERSAL,100,STOP_LOSS,-357500.0,-428106.25,-2.5,42363.75,28242.5,2145.0,2282.0,2310.0
BUKA,2023-04-28,2023-04-28,1,236.0,245.0,60800,BUY - MOMENTUM,72,TARGET2,547200.0,474088.00000000006,3.8135593220338984,43867.2,29244.800000000003,231.0,243.0,245.0
CARE,2023-04-28,2023-05-02,2,484.0,472.0,29600,BUY - REVERSAL,86,STOP_LOSS,-355200.0,-425943.99999999994,-2.479338842975207,42446.4,28297.6,472.0,502.0,508.0
BIPI,2023-04-28,2023-05-03,3,147.0,144.0,97600,BUY - MOMENTUM,84,STOP_LOSS,-292800.0,-363803.99999999994,-2.0408163265306123,42602.4,28401.6,144.0,151.0,153.0
MAPA,2023-05-04,2023-05-04,1,5150.0,5047.0,2700,BUY - MOMENTUM,73,STOP_LOSS,-278100.0,-346929.75,-2.0,41297.850000000006,27531.9,5047.0,5304.0,5356.0
KLBF,2023-05-11,2023-05-11,1,2130.0,2087.0,6600,BUY - MOMENTUM,99,STOP_LOSS,-283800.0,-353380.5,-2.0187793427230045,41748.3,27832.2,2087.0,2194.0,2215.0
AMRT,2023-05-11,2023-05-15,3,2880.0,3024.0,4900,BUY - REVERSAL,87,TARGET2,705600.0,633276.0,5.0,43394.4,28929.6,2808.0,2988.0,3024.0
UNVR,2023-05-23,2023-05-25,3,4450.0,4410.0,3100,BUY - MOMENTUM,75,MAX_HOLDING,-124000.0,-192665.0,-0.8988764044943821,41199.0,27466.0,4361.0,4584.0,4628.0
ENRG,2023-05-31,2023-05-31,1,216.0,212.0,65700,BUY - MOMENTUM,100,STOP_LOSS,-262800.0,-333098.99999999994,-1.8518518518518516,42179.4,28119.6,212.0,222.0,225.0
SMRA,2023-05-31,2023-05-31,1,640.0,624.0,22100,BUY - REVERSAL,100,STOP_LOSS,-353600.0,-423436.0,-2.5,41901.600000000006,27934.4,624.0,664.0,672.0
ISAT,2023-05-31,2023-05-31,1,8300.0,8134.0,1700,BUY - MOMENTUM,81,STOP_LOSS,-282200.0,-352044.5,-2.0,41906.7,27937.800000000003,8134.0,8549.0,8632.0
ISAT,2023-06-06,2023-06-06,1,8500.0,8330.0,1600,BUY - MOMENTUM,87,STOP_LOSS,-272000.0,-339320.0,-2.0,40392.0,26928.0,8330.0,8755.0,8840.0
BBCA,2023-06-05,2023-06-07,3,9200.0,9100.0,1500,BUY - MOMENTUM,84,MAX_HOLDING,-150000.0,-218625.0,-1.0869565217391304,41175.0,27450.0,9016.0,9476.0,9568.0
BUKA,2023-06-15,2023-06-15,1,218.0,214.0,64000,BUY - MOMENTUM,100,STOP_LOSS,-256000.0,-325120.0,-1.834862385321101,41472.0,27648.0,214.0,225.0,227.0
MSIN,2023-06-16,2023-06-20,3,3860.0,3950.0,3600,BUY - REVERSAL,100,MAX_HOLDING,324000.0,253710.0,2.33160621761658,42174.0,28116.0,3764.0,4005.0,4053.0
KLBF,2023-06-22,2023-06-26,3,2020.0,2070.0,6900,BUY - REVERSAL,100,MAX_HOLDING,345000.0,274447.5,2.4752475247524752,42331.5,28221.0,1970.0,2096.0,2121.0
BUMI,2023-06-27,2023-06-27,1,115.0,113.0,121600,BUY - MOMENTUM,91,STOP_LOSS,-243200.0,-312512.0,-1.7391304347826086,41587.2,27724.800000000003,113.0,118.0,120.0
KIJA,2023-07-07,2023-07-07,1,154.0,151.0,90500,BUY - MOMENTUM,96,STOP_LOSS,-271500.0,-340506.25,-1.948051948051948,41403.75,27602.5,151.0,159.0,160.0
ICBP,2023-07-11,2023-07-13,3,11525.0,11700.0,1200,BUY - MOMENTUM,80,MAX_HOLDING,210000.0,140325.0,1.5184381778741864,41805.0,27870.0,11294.0,11871.0,11986.0
SMSM,2023-07-13,2023-07-13,1,2060.0,2019.0,6700,BUY - MOMENTUM,100,STOP_LOSS,-274700.0,-343023.25,-1.9902912621359223,40993.95,27329.300000000003,2019.0,2122.0,2142.0
BBTN,2023-07-12,2023-07-14,3,1305.0,1320.0,10600,BUY - REVERSAL,89,MAX_HOLDING,159000.0,89437.5,1.1494252873563218,41737.5,27825.0,1272.0,1354.0,1370.0
MYOR,2023-07-13,2023-07-17,3,2560.0,2496.0,5400,BUY - REVERSAL,98,STOP_LOSS,-345600.0,-413856.0,-2.5,40953.600000000006,27302.4,2496.0,2656.0,2688.0
BFIN,2023-07-18,2023-07-18,1,1325.0,1292.0,10400,BUY - REVERSAL,100,STOP_LOSS,-343200.0,-411242.0,-2.490566037735849,40825.2,27216.800000000003,1292.0,1375.0,1391.0
ICBP,2023-07-18,2023-07-18,1,11750.0,11515.0,1100,BUY - MOMENTUM,73,STOP_LOSS,-258500.0,-322478.75,-2.0,38387.25,25591.5,11515.0,12102.0,12220.0
PWON,2023-07-17,2023-07-20,3,486.0,486.0,28500,BUY - REVERSAL,86,STOP_LOSS,0.0,-69255.0,0.0,41553.0,27702.0,474.0,504.0,510.0
PWON,2023-07-20,2023-07-20,1,498.0,488.0,27500,BUY - MOMENTUM,96,STOP_LOSS,-275000.0,-342787.5,-2.0080321285140563,40672.5,27115.0,488.0,513.0,518.0
ICBP,2023-07-20,2023-07-24,3,11475.0,11525.0,1100,BUY - REVERSAL,100,MAX_HOLDING,55000.0,-8250.0,0.4357298474945534,37950.0,25300.0,11188.0,11905.0,12049.0
FILM,2023-07-25,2023-07-25,1,3800.0,3724.0,3500,BUY - MOMENTUM,100,STOP_LOSS,-266000.0,-331835.0,-2.0,39501.0,26334.0,3724.0,3914.0,3952.0
MAPI,2023-07-27,2023-07-27,1,2000.0,1960.0,6700,BUY - MOMENTUM,100,STOP_LOSS,-268000.0,-334330.0,-2.0,39798.0,26532.0,1960.0,2060.0,2080.0
SMSM,2023-07-27,2023-07-31,3,1975.0,2000.0,6800,BUY - REVERSAL,100,MAX_HOLDING,170000.0,102425.0,1.2658227848101267,40545.0,27030.0,1926.0,2049.0,2074.0
TPIA,2023-08-02,2023-08-04,3,2060.0,2080.0,6500,BUY - REVERSAL,87,MAX_HOLDING,130000.0,62725.0,0.9708737864077669,40365.0,26910.0,2008.0,2137.0,2163.0
BMRI,2023-08-02,2023-08-04,3,5700.0,5775.0,2300,BUY - MOMENTUM,74,MAX_HOLDING,172500.0,106518.75,1.3157894736842104,39588.75,26392.5,5586.0,5871.0,5928.0
AVIA,2023-08-04,2023-08-07,2,615.0,627.3,22000,BUY - MOMENTUM,85,STOP_LOSS,270599.999999999,202273.499999999,1.9999999999999927,40995.899999999994,27330.6,603.0,633.0,640.0
MBMA,2023-08-08,2023-08-08,1,745.0,730.0,18200,BUY - MOMENTUM,68,STOP_LOSS,-273000.0,-340112.5,-2.013422818791946,40267.5,26845.0,730.0,767.0,775.0
SMSM,2023-08-09,2023-08-09,1,2120.0,2078.0,6300,BUY - MOMENTUM,100,STOP_LOSS,-264600.0,-330718.5,-1.9811320754716981,39671.100000000006,26447.4,2078.0,2184.0,2205.0
PANI,2023-08-10,2023-08-10,1,1840.0,1803.0,7300,BUY - MOMENTUM,100,STOP_LOSS,-270100.0,-336584.75,-2.010869565217391,39890.850000000006,26593.9,1803.0,1895.0,1914.0
EXCL,2023-08-16,2023-08-16,1,2350.0,2303.0,5700,BUY - MOMENTUM,98,STOP_LOSS,-267900.0,-334205.25,-2.0,39783.15,26522.1,2303.0,2420.0,2444.0
MAPI,2023-08-16,2023-08-18,2,1940.0,1892.0,6900,BUY - REVERSAL,100,STOP_LOSS,-331200.0,-397302.0,-2.4742268041237114,39661.2,26440.800000000003,1892.0,2013.0,2037.0
MAPI,2023-08-18,2023-08-21,2,1910.0,1862.0,7000,BUY - REVERSAL,100,STOP_LOSS,-336000.0,-402010.0,-2.513089005235602,39606.0,26404.0,1862.0,1982.0,2006.0
BFIN,2023-08-22,2023-08-23,2,1200.0,1170.0,11000,BUY - REVERSAL,100,STOP_LOSS,-330000.0,-395175.0,-2.5,39105.0,26070.0,1170.0,1245.0,1260.0
BFIN,2023-08-23,2023-08-23,1,1215.0,1191.0,10900,BUY - MOMENTUM,85,STOP_LOSS,-261600.0,-327163.5,-1.9753086419753085,39338.100000000006,26225.4,1191.0,1251.0,1267.0
CTRA,2023-08-28,2023-08-29,2,1150.0,1127.0,11400,BUY - MOMENTUM,85,STOP_LOSS,-262200.0,-327094.5,-2.0,38936.7,25957.800000000003,1127.0,1184.0,1196.0
PNBN,2023-08-30,2023-08-30,1,1315.0,1282.0,9900,BUY - REVERSAL,100,STOP_LOSS,-326700.0,-390975.75,-2.5095057034220534,38565.45,25710.300000000003,1282.0,1364.0,1381.0
DRMA,2023-08-30,2023-08-30,1,1540.0,1509.0,8500,BUY - MOMENTUM,89,STOP_LOSS,-263500.0,-328291.25,-2.012987012987013,38874.75,25916.5,1509.0,1586.0,1602.0
TPIA,2023-08-29,2023-08-31,3,2180.0,2136.0,6000,BUY - MOMENTUM,82,STOP_LOSS,-264000.0,-328740.0,-2.0183486238532113,38844.0,25896.0,2136.0,2245.0,2267.0
INDF,2023-08-29,2023-08-31,3,7150.0,7100.0,1800,BUY - MOMENTUM,69,MAX_HOLDING,-90000.0,-154125.0,-0.6993006993006993,38475.0,25650.0,7007.0,7364.0,7436.0
OASA,2023-09-01,2023-09-01,1,220.0,214.0,58800,BUY - REVERSAL,87,STOP_LOSS,-352800.0,-416598.0,-2.727272727272727,38278.8,25519.2,214.0,228.0,231.0
OASA,2023-09-05,2023-09-05,1,216.0,212.0,59600,BUY - MOMENTUM,100,STOP_LOSS,-238400.0,-302172.0,-1.8518518518518516,38263.2,25508.800000000003,212.0,222.0,225.0
MAPA,2023-09-06,2023-09-06,1,835.0,818.0,15300,BUY - MOMENTUM,88,STOP_LOSS,-260100.0,-323327.25,-2.035928143712575,37936.350000000006,25290.9,818.0,860.0,868.0
BUMI,2023-09-06,2023-09-07,2,146.0,143.0,87900,BUY - MOMENTUM,82,STOP_LOSS,-263700.0,-327207.74999999994,-2.054794520547945,38104.65,25403.1,143.0,150.0,152.0
NSSS,2023-09-07,2023-09-07,1,185.0,181.0,69100,BUY - MOMENTUM,100,STOP_LOSS,-276400.0,-339626.5,-2.1621621621621623,37935.9,25290.6,181.0,191.0,192.0
AKRA,2023-09-06,2023-09-08,3,1495.0,1465.0,8500,BUY - MOMENTUM,85,STOP_LOSS,-255000.0,-317900.0,-2.0066889632107023,37740.0,25160.0,1465.0,1540.0,1555.0
BIPI,2023-09-19,2023-09-19,1,114.0,112.0,110900,BUY - MOMENTUM,86,STOP_LOSS,-221800.0,-284458.5,-1.7543859649122806,37595.100000000006,25063.4,112.0,117.0,119.0
DRMA,2023-09-20,2023-09-20,1,1445.0,1416.0,8700,BUY - MOMENTUM,89,STOP_LOSS,-252300.0,-314526.75,-2.006920415224913,37336.05,24890.7,1416.0,1488.0,1503.0
CARS,2023-09-20,2023-09-20,1,111.0,109.0,113500,BUY - MOMENTUM,89,STOP_LOSS,-227000.0,-289425.0,-1.8018018018018018,37455.0,24970.0,109.0,114.0,115.0
ITMG,2023-09-26,2023-09-29,3,28500.0,28975.0,400,BUY - REVERSAL,100,MAX_HOLDING,190000.0,132525.0,1.6666666666666667,34485.0,22990.0,27788.0,29569.0,29925.0
MAPI,2023-09-29,2023-09-29,1,1820.0,1784.0,6800,BUY - MOMENTUM,100,STOP_LOSS,-244800.0,-306068.0,-1.9780219780219779,36760.8,24507.2,1784.0,1875.0,1893.0
ULTJ,2023-10-02,2023-10-03,2,1675.0,1642.0,7400,BUY - MOMENTUM,62,STOP_LOSS,-244200.0,-305564.5,-1.9701492537313434,36818.7,24545.800000000003,1642.0,1725.0,1742.0
EXCL,2023-10-02,2023-10-04,3,2410.0,2362.0,5100,BUY - MOMENTUM,84,STOP_LOSS,-244800.0,-305643.0,-1.9917012448132778,36505.8,24337.2,2362.0,2482.0,2506.0
SMIL,2023-10-05,2023-10-05,1,142.0,139.0,87200,BUY - MOMENTUM,81,STOP_LOSS,-261600.0,-322858.0,-2.112676056338028,36754.8,24503.2,139.0,146.0,148.0
AMRT,2023-10-05,2023-10-06,2,2900.0,2842.0,4200,BUY - MOMENTUM,89,STOP_LOSS,-243600.0,-303891.0,-2.0,36174.600000000006,24116.4,2842.0,2987.0,3016.0
BFIN,2023-10-12,2023-10-16,3,1085.0,1063.0,11300,BUY - MOMENTUM,78,STOP_LOSS,-248600.0,-309281.0,-2.0276497695852536,36408.600000000006,24272.4,1063.0,1118.0,1128.0
TLKM,2023-10-16,2023-10-18,3,3760.0,3750.0,3200,BUY - REVERSAL,100,MAX_HOLDING,-32000.0,-92080.0,-0.26595744680851063,36048.0,24032.0,3666.0,3901.0,3948.0
KLBF,2023-10-24,2023-10-24,1,1825.0,1788.0,6700,BUY - MOMENTUM,100,STOP_LOSS,-247900.0,-308417.75,-2.0273972602739727,36310.65,24207.1,1788.0,1880.0,1898.0
APIC,2023-10-24,2023-10-26,3,1075.0,1080.0,11300,BUY - MOMENTUM,67,MAX_HOLDING,56500.0,-4378.75,0.46511627906976744,36527.25,24351.5,1054.0,1107.0,1118.0
CTRA,2023-10-25,2023-10-26,2,1040.0,1019.0,11700,BUY - MOMENTUM,77,STOP_LOSS,-245700.0,-305925.75,-2.019230769230769,36135.45,24090.300000000003,1019.0,1071.0,1082.0
AMRT,2023-11-07,2023-11-07,1,2890.0,2832.0,4200,BUY - MOMENTUM,100,STOP_LOSS,-243600.0,-303681.0,-2.006920415224913,36048.600000000006,24032.4,2832.0,2977.0,3006.0
BRIS,2023-11-07,2023-11-08,2,1500.0,1462.0,8000,BUY - REVERSAL,95,STOP_LOSS,-304000.0,-363240.0,-2.533333333333333,35544.0,23696.0,1462.0,1556.0,1575.0
AMRT,2023-11-15,2023-11-17,3,2900.0,2890.0,4100,BUY - MOMENTUM,75,MAX_HOLDING,-41000.0,-100347.5,-0.3448275862068966,35608.5,23739.0,2842.0,2987.0,3016.0
MDKA,2023-11-23,2023-11-23,1,2250.0,2205.0,5300,BUY - MOMENTUM,100,STOP_LOSS,-238500.0,-297528.75,-2.0,35417.25,23611.5,2205.0,2318.0,2340.0
PWON,2023-11-23,2023-11-27,3,426.0,430.0,28200,BUY - MOMENTUM,84,MAX_HOLDING,112800.0,52452.0,0.9389671361502347,36208.8,24139.2,417.0,439.0,443.0
ERTX,2023-11-28,2023-11-28,1,426.0,417.0,28100,BUY - MOMENTUM,100,STOP_LOSS,-252900.0,-312120.75,-2.112676056338028,35532.45,23688.300000000003,417.0,439.0,443.0
BIPI,2023-11-28,2023-11-28,1,113.0,111.0,106100,BUY - MOMENTUM,100,STOP_LOSS,-212200.0,-271616.0,-1.7699115044247788,35649.600000000006,23766.4,111.0,116.0,118.0
BTPS,2023-11-28,2023-11-28,1,1690.0,1648.0,7000,BUY - REVERSAL,100,STOP_LOSS,-294000.0,-352415.0,-2.485207100591716,35049.0,23366.0,1648.0,1753.0,1774.0
BRIS,2023-11-28,2023-11-30,3,1660.0,1655.0,7200,BUY - MOMENTUM,76,MAX_HOLDING,-36000.0,-95670.0,-0.30120481927710846,35802.0,23868.0,1627.0,1710.0,1726.0
TLKM,2023-11-30,2023-12-04,3,3760.0,3810.0,3100,BUY - MOMENTUM,100,MAX_HOLDING,155000.0,96332.5,1.3297872340425532,35200.5,23467.0,3685.0,3873.0,3910.0
MAPA,2023-12-04,2023-12-04,1,800.0,780.0,14800,BUY - REVERSAL,98,STOP_LOSS,-296000.0,-354460.0,-2.5,35076.0,23384.0,780.0,830.0,840.0
APIC,2023-12-05,2023-12-05,1,1180.0,1156.0,10000,BUY - MOMENTUM,100,STOP_LOSS,-240000.0,-298400.0,-2.0338983050847457,35040.0,23360.0,1156.0,1215.0,1227.0
MNCN,2023-12-20,2023-12-21,2,384.0,376.0,30600,BUY - MOMENTUM,83,STOP_LOSS,-244800.0,-302940.0,-2.083333333333333,34884.0,23256.0,376.0,396.0,399.0
HRUM,2023-12-27,2023-12-27,1,1350.0,1323.0,8600,BUY - MOMENTUM,100,STOP_LOSS,-232200.0,-289669.5,-2.0,34481.7,22987.800000000003,1323.0,1390.0,1404.0
ACES,2024-01-04,2024-01-04,1,735.0,720.0,15800,BUY - MOMENTUM,100,STOP_LOSS,-237000.0,-294472.5,-2.0408163265306123,34483.5,22989.0,720.0,757.0,764.0
CARE,2024-01-05,2024-01-05,1,161.0,158.0,72200,BUY - MOMENTUM,73,STOP_LOSS,-216600.0,-274179.5,-1.8633540372670807,34547.7,23031.800000000003,158.0,166.0,167.0
BRIS,2024-01-08,2024-01-08,1,1925.0,2002.0,6000,BUY - MOMENTUM,90,TARGET2,462000.0,403095.0,4.0,35343.0,23562.0,1886.0,1983.0,2002.0
TLKM,2024-01-05,2024-01-09,3,3890.0,3960.0,2900,BUY - REVERSAL,100,MAX_HOLDING,203000.0,146087.5,1.7994858611825193,34147.5,22765.0,3793.0,4036.0,4084.0
BBRI,2024-01-08,2024-01-10,3,5625.0,5700.0,2000,BUY - REVERSAL,98,MAX_HOLDING,150000.0,93375.0,1.3333333333333335,33975.0,22650.0,5484.0,5836.0,5906.0
BIPI,2024-01-09,2024-01-11,3,100.0,98.0,116400,BUY - REVERSAL,99,STOP_LOSS,-232800.0,-290418.0,-2.0,34570.8,23047.2,98.0,104.0,105.0
BRIS,2024-01-18,2024-01-18,1,2010.0,1970.0,5700,BUY - MOMENTUM,99,STOP_LOSS,-228000.0,-284715.0,-1.9900497512437811,34029.0,22686.0,1970.0,2070.0,2090.0
AKRA,2024-01-17,2024-01-19,3,1610.0,1625.0,7200,BUY - MOMENTUM,97,MAX_HOLDING,108000.0,49770.0,0.9316770186335404,34938.0,23292.0,1578.0,1658.0,1674.0
MAPI,2024-02-06,2024-02-12,3,1955.0,1965.0,5900,BUY - MOMENTUM,80,MAX_HOLDING,59000.0,1180.0,0.5115089514066496,34692.0,23128.0,1916.0,2014.0,2033.0
PTPP,2024-02-12,2024-02-12,1,422.0,414.0,27400,BUY - MOMENTUM,100,STOP_LOSS,-219200.0,-276466.0,-1.8957345971563981,34359.600000000006,22906.4,414.0,435.0,439.0
MAPA,2024-02-15,2024-02-15,1,995.0,975.0,11600,BUY - MOMENTUM,89,STOP_LOSS,-232000.0,-289130.0,-2.0100502512562812,34278.0,22852.0,975.0,1025.0,1035.0
TLKM,2024-02-15,2024-02-16,2,4030.0,4090.45,2800,BUY - MOMENTUM,82,STOP_LOSS,169259.99999999948,112416.84999999945,1.4999999999999953,34105.89,22737.260000000002,3949.0,4151.0,4191.0
MAPA,2024-02-16,2024-02-16,1,1000.0,980.0,11500,BUY - MOMENTUM,75,STOP_LOSS,-230000.0,-286925.0,-2.0,34155.0,22770.0,980.0,1030.0,1040.0
ICBP,2024-02-15,2024-02-19,3,11650.0,11417.0,900,BUY - MOMENTUM,91,STOP_LOSS,-209700.0,-261600.75,-2.0,31140.45,20760.300000000003,11417.0,12000.0,12116.0
BRIS,2024-02-19,2024-02-19,1,2380.0,2332.0,4800,BUY - MOMENTUM,88,STOP_LOSS,-230400.0,-286944.0,-2.0168067226890756,33926.4,22617.6,2332.0,2451.0,2475.0
CTRA,2024-02-27,2024-02-27,1,1260.0,1235.0,9000,BUY - MOMENTUM,81,STOP_LOSS,-225000.0,-281137.5,-1.984126984126984,33682.5,22455.0,1235.0,1298.0,1310.0
MAPA,2024-03-08,2024-03-08,1,1025.0,1076.0,11000,BUY - REVERSAL,100,TARGET2,561000.0,503222.5,4.975609756097561,34666.5,23111.0,999.0,1063.0,1076.0
ISAT,2024-03-13,2024-03-13,1,12050.0,11809.0,900,BUY - MOMENTUM,93,STOP_LOSS,-216900.0,-270582.75,-2.0,32209.65,21473.1,11809.0,12412.0,12532.0
BBCA,2024-03-14,2024-03-14,1,10325.0,10118.0,1100,BUY - MOMENTUM,94,STOP_LOSS,-227700.0,-283918.25,-2.0048426150121066,33730.95,22487.300000000003,10118.0,10635.0,10738.0
HEAL,2024-03-13,2024-03-15,3,1240.0,1230.0,9200,BUY - REVERSAL,100,MAX_HOLDING,-92000.0,-148810.0,-0.8064516129032258,34086.0,22724.0,1209.0,1286.0,1302.0
ACES,2024-03-13,2024-03-15,3,835.0,835.0,13700,BUY - MOMENTUM,83,MAX_HOLDING,0.0,-57197.5,0.0,34318.5,22879.0,818.0,860.0,868.0
TLKM,2024-03-14,2024-03-18,3,3960.0,3920.0,2800,BUY - MOMENTUM,77,MAX_HOLDING,-112000.0,-167160.0,-1.0101010101010102,33096.0,22064.0,3881.0,4079.0,4118.0
EURO,2024-03-27,2024-03-27,1,139.0,136.0,81300,BUY - MOMENTUM,95,STOP_LOSS,-243900.0,-299793.75,-2.158273381294964,33536.25,22357.5,136.0,143.0,145.0
TPIA,2024-03-28,2024-03-28,1,5825.0,5708.0,1900,BUY - MOMENTUM,85,STOP_LOSS,-222300.0,-277081.75,-2.008583690987124,32869.05,21912.7,5708.0,6000.0,6058.0
TKIM,2024-04-01,2024-04-01,1,7175.0,7032.0,1500,BUY - MOMENTUM,78,STOP_LOSS,-214500.0,-267776.25,-1.9930313588850175,31965.75,21310.5,7032.0,7390.0,7462.0
PGAS,2024-04-03,2024-04-03,1,1365.0,1338.0,8100,BUY - MOMENTUM,82,STOP_LOSS,-218700.0,-273435.75,-1.9780219780219779,32841.45,21894.300000000003,1338.0,1406.0,1420.0
MBMA,2024-04-03,2024-04-04,2,490.0,499.8,22800,BUY - MOMENTUM,79,STOP_LOSS,223440.00000000026,167021.40000000026,2.0000000000000027,33851.16,22567.440000000002,480.0,505.0,510.0
PWON,2024-04-05,2024-04-16,2,432.0,423.0,25800,BUY - MOMENTUM,72,STOP_LOSS,-232200.0,-287347.5,-2.083333333333333,33088.5,22059.0,423.0,445.0,449.0
BRIS,2024-04-18,2024-04-18,1,2600.0,2548.0,4200,BUY - MOMENTUM,100,STOP_LOSS,-218400.0,-272454.0,-2.0,32432.4,21621.6,2548.0,2678.0,2722.0
ENRG,2024-04-19,2024-04-22,2,218.0,214.0,50800,BUY - MOMENTUM,91,STOP_LOSS,-203200.0,-258064.0,-1.834862385321101,32918.4,21945.6,214.0,225.0,227.0
BOGA,2024-05-08,2024-05-13,2,930.0,911.0,11800,BUY - MOMENTUM,75,STOP_LOSS,-224200.0,-278509.5,-2.043010752688172,32585.7,21723.800000000003,911.0,958.0,967.0
UNVR,2024-05-13,2024-05-13,1,2650.0,2597.0,4100,BUY - MOMENTUM,100,STOP_LOSS,-217300.0,-271081.75,-2.0,32269.050000000003,21512.7,2597.0,2730.0,2756.0
MDKA,2024-05-15,2024-05-15,1,2750.0,2695.0,3900,BUY - MOMENTUM,76,STOP_LOSS,-214500.0,-267588.75,-2.0,31853.25,21235.5,2695.0,2832.0,2860.0
KIJA,2024-05-16,2024-05-16,1,124.0,122.0,88000,BUY - MOMENTUM,77,STOP_LOSS,-176000.0,-230120.0,-1.6129032258064515,32472.0,21648.0,122.0,128.0,129.0
MIKA,2024-05-16,2024-05-20,3,3070.0,3120.0,3500,BUY - MOMENTUM,80,MAX_HOLDING,175000.0,120837.5,1.6286644951140066,32497.5,21665.0,3009.0,3162.0,3193.0
BULL,2024-05-21,2024-05-21,1,139.0,136.0,78300,BUY - MOMENTUM,86,STOP_LOSS,-234900.0,-288731.25,-2.158273381294964,32298.75,21532.5,136.0,143.0,145.0
BFIN,2024-05-22,2024-05-28,3,1070.0,1070.0,10100,BUY - MOMENTUM,79,MAX_HOLDING,0.0,-54035.0,0.0,32421.0,21614.0,1049.0,1102.0,1113.0
BULL,2024-05-28,2024-05-28,1,139.0,136.0,78000,BUY - MOMENTUM,87,STOP_LOSS,-234000.0,-287625.0,-2.158273381294964,32175.0,21450.0,136.0,143.0,145.0
AMRT,2024-05-27,2024-05-29,3,2800.0,2800.0,3800,BUY - REVERSAL,77,STOP_LOSS,0.0,-53200.0,0.0,31920.0,21280.0,2730.0,2905.0,2940.0
MEDC,2024-05-29,2024-05-29,1,1450.0,1421.0,7400,BUY - MOMENTUM,94,STOP_LOSS,-214600.0,-267713.5,-2.0,31868.1,21245.4,1421.0,1494.0,1508.0
AMMN,2024-05-29,2024-05-29,1,13200.0,13728.0,800,BUY - MOMENTUM,89,TARGET2,422400.0,368544.0,4.0,32313.6,21542.4,12936.0,13596.0,13728.0
BOGA,2024-06-07,2024-06-10,2,910.0,892.0,11800,BUY - MOMENTUM,66,STOP_LOSS,-212400.0,-265559.0,-1.9780219780219779,31895.4,21263.6,892.0,937.0,946.0
CMRY,2024-06-10,2024-06-12,3,4980.0,4880.0,2100,BUY - MOMENTUM,73,STOP_LOSS,-210000.0,-261765.0,-2.0080321285140563,31059.0,20706.0,4880.0,5129.0,5179.0
AKRA,2024-06-12,2024-06-14,3,1590.0,1570.0,6700,BUY - REVERSAL,87,MAX_HOLDING,-134000.0,-186930.0,-1.257861635220126,31758.0,21172.0,1550.0,1650.0,1670.0
CMRY,2024-06-14,2024-06-14,1,5000.0,4900.0,2100,BUY - MOMENTUM,100,STOP_LOSS,-210000.0,-261975.0,-2.0,31185.0,20790.0,4900.0,5150.0,5200.0
AMMN,2024-06-14,2024-06-14,1,12100.0,11858.0,800,BUY - MOMENTUM,93,STOP_LOSS,-193600.0,-241516.0,-2.0,28749.6,19166.4,11858.0,12463.0,12584.0
ICBP,2024-06-14,2024-06-19,2,10500.0,10238.0,1000,BUY - REVERSAL,95,STOP_LOSS,-262000.0,-313845.0,-2.4952380952380953,31107.0,20738.0,10238.0,10894.0,11025.0
HEAL,2024-06-21,2024-06-25,3,1360.0,1360.0,7700,BUY - MOMENTUM,72,MAX_HOLDING,0.0,-52360.0,0.0,31416.0,20944.0,1333.0,1401.0,1414.0
TPIA,2024-06-25,2024-06-27,3,8925.0,9050.0,1100,BUY - MOMENTUM,73,MAX_HOLDING,137500.0,88068.75,1.400560224089636,29658.75,19772.5,8746.0,9193.0,9282.0
NCKL,2024-06-27,2024-06-27,1,1010.0,990.0,10400,BUY - MOMENTUM,72,STOP_LOSS,-208000.0,-260000.0,-1.9801980198019802,31200.0,20800.0,990.0,1040.0,1050.0
INCO,2024-06-28,2024-06-28,1,4220.0,4136.0,2400,BUY - MOMENTUM,100,STOP_LOSS,-201600.0,-251736.0,-1.9905213270142181,30081.6,20054.4,4136.0,4347.0,4389.0
MNCN,2024-07-01,2024-07-01,1,318.0,312.0,33000,BUY - MOMENTUM,80,STOP_LOSS,-198000.0,-249975.0,-1.8867924528301887,31185.0,20790.0,312.0,328.0,331.0
ACES,2024-07-03,2024-07-05,3,825.0,835.0,12600,BUY - REVERSAL,100,MAX_HOLDING,126000.0,73710.0,1.2121212121212122,31374.0,20916.0,804.0,856.0,866.0
MDKA,2024-07-08,2024-07-09,2,2480.0,2430.0,4200,BUY - MOMENTUM,79,STOP_LOSS,-210000.0,-261555.0,-2.0161290322580645,30933.0,20622.0,2430.0,2554.0,2579.0
MBMA,2024-07-09,2024-07-09,1,625.0,612.0,16700,BUY - MOMENTUM,100,STOP_LOSS,-217100.0,-268744.75,-2.08,30986.85,20657.9,612.0,644.0,650.0
MEDC,2024-07-12,2024-07-15,2,1315.0,1282.0,7900,BUY - REVERSAL,96,STOP_LOSS,-260700.0,-311990.75,-2.5095057034220534,30774.45,20516.300000000003,1282.0,1364.0,1381.0
TPMA,2024-07-15,2024-07-17,3,705.0,695.0,14700,BUY - REVERSAL,100,MAX_HOLDING,-147000.0,-198450.0,-1.4184397163120568,30870.0,20580.0,687.0,731.0,740.0
JSMR,2024-07-19,2024-07-19,1,5350.0,5243.0,1900,BUY - MOMENTUM,100,STOP_LOSS,-203300.0,-253616.75,-2.0,30190.050000000003,20126.7,5243.0,5510.0,5564.0
MAPA,2024-07-19,2024-07-19,1,735.0,720.0,14000,BUY - MOMENTUM,81,STOP_LOSS,-210000.0,-260925.0,-2.0408163265306123,30555.0,20370.0,720.0,757.0,764.0
ISAT,2024-07-24,2024-07-24,1,11400.0,11970.0,800,BUY - REVERSAL,100,TARGET2,456000.0,409260.0,5.0,28044.0,18696.0,11115.0,11828.0,11970.0
ACES,2024-07-29,2024-07-30,2,800.0,780.0,12800,BUY - REVERSAL,97,STOP_LOSS,-256000.0,-306560.0,-2.5,30336.0,20224.0,780.0,830.0,840.0
JSMR,2024-07-31,2024-07-31,1,5550.0,5439.0,1800,BUY - MOMENTUM,100,STOP_LOSS,-199800.0,-249250.5,-2.0,29670.300000000003,19780.2,5439.0,5716.0,5772.0
PWON,2024-07-31,2024-08-01,2,426.0,432.39,24000,BUY - MOMENTUM,78,STOP_LOSS,153359.99999999968,101856.59999999967,1.499999999999997,30902.04,20601.36,417.0,439.0,443.0
BBCA,2024-07-31,2024-08-02,3,10275.0,10200.0,900,BUY - MOMENTUM,81,MAX_HOLDING,-67500.0,-113568.75,-0.7299270072992701,27641.25,18427.5,10070.0,10583.0,10686.0
HEAL,2024-08-01,2024-08-05,3,1315.0,1320.0,7700,BUY - REVERSAL,100,MAX_HOLDING,38500.0,-12223.75,0.38022813688212925,30434.25,20289.5,1282.0,1364.0,1381.0
EURO,2024-08-06,2024-08-06,1,208.0,204.0,49100,BUY - MOMENTUM,100,STOP_LOSS,-196400.0,-246973.00000000003,-1.9230769230769231,30343.800000000003,20229.2,204.0,214.0,216.0
BBNI,2024-08-05,2024-08-07,3,4960.0,5000.0,2000,BUY - REVERSAL,100,MAX_HOLDING,80000.0,30200.0,0.8064516129032258,29880.0,19920.0,4836.0,5146.0,5208.0
ICBP,2024-08-06,2024-08-08,3,11000.0,10780.0,900,BUY - MOMENTUM,77,STOP_LOSS,-198000.0,-247005.0,-2.0,29403.0,19602.0,10780.0,11330.0,11440.0
KIJA,2024-08-09,2024-08-09,1,141.0,138.0,72000,BUY - MOMENTUM,76,STOP_LOSS,-216000.0,-266220.0,-2.127659574468085,30132.0,20088.0,138.0,145.0,147.0
CTRA,2024-08-13,2024-08-13,1,1320.0,1294.0,7600,BUY - MOMENTUM,99,STOP_LOSS,-197600.0,-247266.0,-1.9696969696969695,29799.6,19866.4,1294.0,1360.0,1373.0
ENRG,2024-08-21,2024-08-21,1,216.0,212.0,46600,BUY - MOMENTUM,100,STOP_LOSS,-186400.0,-236262.0,-1.8518518518518516,29917.2,19944.800000000003,212.0,222.0,225.0
BMRI,2024-08-21,2024-08-22,2,7250.0,7105.0,1300,BUY - MOMENTUM,68,STOP_LOSS,-188500.0,-235153.75,-2.0,27992.25,18661.5,7105.0,7468.0,7540.0
SMRA,2024-08-23,2024-08-23,1,625.0,612.0,16000,BUY - MOMENTUM,85,STOP_LOSS,-208000.0,-257480.0,-2.08,29688.0,19792.0,612.0,644.0,650.0
AALI,2024-08-23,2024-08-27,3,6125.0,6125.0,1600,BUY - MOMENTUM,67,MAX_HOLDING,0.0,-49000.0,0.0,29400.0,19600.0,6002.0,6309.0,6370.0
AMRT,2024-08-26,2024-08-28,3,2810.0,2870.0,3500,BUY - REVERSAL,99,MAX_HOLDING,210000.0,160300.0,2.135231316725979,29820.0,19880.0,2740.0,2915.0,2950.0
MGRO,2024-08-28,2024-08-28,1,695.0,681.0,14300,BUY - MOMENTUM,75,STOP_LOSS,-200200.0,-249392.0,-2.014388489208633,29515.2,19676.800000000003,681.0,716.0,723.0
ICBP,2024-08-30,2024-08-30,1,11475.0,11246.0,800,BUY - MOMENTUM,75,STOP_LOSS,-183200.0,-228642.0,-1.9956427015250546,27265.2,18176.800000000003,11246.0,11819.0,11934.0
BBCA,2024-08-30,2024-09-03,3,10325.0,10175.0,900,BUY - MOMENTUM,100,MAX_HOLDING,-135000.0,-181125.0,-1.4527845036319613,27675.0,18450.0,10118.0,10635.0,10738.0
TLKM,2024-08-30,2024-09-03,3,3060.0,3080.0,3200,BUY - MOMENTUM,82,MAX_HOLDING,64000.0,14880.0,0.6535947712418301,29472.0,19648.0,2999.0,3152.0,3182.0
INDF,2024-08-30,2024-09-03,3,6850.0,6713.0,1400,BUY - MOMENTUM,76,STOP_LOSS,-191800.0,-239270.5,-2.0,28482.300000000003,18988.2,6713.0,7056.0,7124.0
DRMA,2024-09-02,2024-09-03,2,1095.0,1073.0,9000,BUY - MOMENTUM,80,STOP_LOSS,-198000.0,-246780.0,-2.009132420091324,29268.0,19512.0,1073.0,1128.0,1139.0
EXCL,2024-09-02,2024-09-04,3,2270.0,2225.0,4300,BUY - MOMENTUM,85,STOP_LOSS,-193500.0,-241821.25,-1.9823788546255507,28992.75,19328.5,2225.0,2338.0,2361.0
CTRA,2024-09-04,2024-09-04,1,1335.0,1308.0,7300,BUY - MOMENTUM,86,STOP_LOSS,-197100.0,-245334.75,-2.0224719101123596,28940.85,19293.9,1308.0,1375.0,1388.0
EXCL,2024-09-04,2024-09-05,2,2230.0,2274.6,4400,BUY - REVERSAL,93,STOP_LOSS,196239.9999999996,146689.39999999962,1.9999999999999958,29730.36,19820.239999999998,2174.0,2314.0,2342.0
UNTR,2024-09-09,2024-09-09,1,27250.0,26705.0,300,BUY - MOMENTUM,84,STOP_LOSS,-163500.0,-203966.25,-2.0,24279.75,16186.5,26705.0,28068.0,28340.0
ICBP,2024-09-09,2024-09-09,1,11600.0,11368.0,800,BUY - MOMENTUM,79,STOP_LOSS,-185600.0,-231536.0,-2.0,27561.6,18374.4,11368.0,11948.0,12064.0
AMRT,2024-09-12,2024-09-12,1,3220.0,3156.0,3000,BUY - MOMENTUM,100,STOP_LOSS,-192000.0,-239820.0,-1.9875776397515528,28692.0,19128.0,3156.0,3317.0,3349.0
BMTR,2024-09-17,2024-09-19,3,232.0,227.0,41600,BUY - MOMENTUM,100,STOP_LOSS,-208000.0,-255735.99999999997,-2.1551724137931036,28641.600000000002,19094.4,227.0,239.0,241.0
TOWR,2024-09-19,2024-09-19,1,855.0,838.0,11300,BUY - MOMENTUM,100,STOP_LOSS,-192100.0,-239927.25,-1.9883040935672516,28696.35,19130.9,838.0,881.0,889.0
MYOR,2024-09-19,2024-09-19,1,2780.0,2724.0,3400,BUY - MOMENTUM,98,STOP_LOSS,-190400.0,-237184.0,-2.014388489208633,28070.4,18713.6,2724.0,2863.0,2891.0
CTRA,2024-09-19,2024-09-19,1,1325.0,1298.0,7200,BUY - MOMENTUM,88,STOP_LOSS,-194400.0,-241614.0,-2.0377358490566038,28328.4,18885.6,1298.0,1365.0,1378.0
INTP,2024-09-20,2024-09-24,3,6900.0,6775.0,1300,BUY - MOMENTUM,94,MAX_HOLDING,-162500.0,-206943.75,-1.8115942028985508,26666.25,17777.5,6762.0,7107.0,7176.0
JPFA,2024-09-24,2024-09-25,2,1565.0,1534.0,6000,BUY - MOMENTUM,84,STOP_LOSS,-186000.0,-232485.0,-1.9808306709265175,27891.0,18594.0,1534.0,1612.0,1628.0
ASII,2024-09-30,2024-10-02,3,5050.0,5050.0,1800,BUY - REVERSAL,94,STOP_LOSS,0.0,-45450.0,0.0,27270.0,18180.0,4924.0,5239.0,5302.0
NSSS,2024-10-08,2024-10-10,3,202.0,206.0,46700,BUY - MOMENTUM,78,MAX_HOLDING,186800.0,139166.0,1.9801980198019802,28580.4,19053.6,198.0,208.0,210.0
VTNY,2024-10-11,2024-10-11,1,144.0,141.0,65700,BUY - MOMENTUM,100,STOP_LOSS,-197100.0,-243911.25,-2.083333333333333,28086.75,18724.5,141.0,148.0,150.0
PWON,2024-10-14,2024-10-14,1,510.0,500.0,18400,BUY - MOMENTUM,70,STOP_LOSS,-184000.0,-230460.0,-1.9607843137254901,27876.0,18584.0,500.0,525.0,530.0
APIC,2024-10-15,2024-10-15,1,1080.0,1058.0,8600,BUY - MOMENTUM,92,STOP_LOSS,-189200.0,-235167.0,-2.037037037037037,27580.2,18386.800000000003,1058.0,1112.0,1129.0
CMRY,2024-10-15,2024-10-15,1,5450.0,5341.0,1700,BUY - MOMENTUM,79,STOP_LOSS,-185300.0,-231161.75,-2.0,27517.050000000003,18344.7,5341.0,5614.0,5668.0
HEAL,2024-10-15,2024-10-15,1,1580.0,1548.0,5900,BUY - MOMENTUM,76,STOP_LOSS,-188800.0,-234938.0,-2.0253164556962027,27682.800000000003,18455.2,1548.0,1627.0,1643.0
SMGR,2024-10-16,2024-10-16,1,4330.0,4243.0,2100,BUY - MOMENTUM,100,STOP_LOSS,-182700.0,-227708.25,-2.009237875288684,27004.95,18003.300000000003,4243.0,4460.0,4503.0
RAJA,2024-10-16,2024-10-16,1,1955.0,1916.0,4700,BUY - MOMENTUM,100,STOP_LOSS,-183300.0,-228784.25,-1.9948849104859334,27290.550000000003,18193.7,1916.0,2014.0,2033.0
PGAS,2024-10-16,2024-10-16,1,1545.0,1514.0,6000,BUY - MOMENTUM,71,STOP_LOSS,-186000.0,-231885.0,-2.0064724919093853,27531.0,18354.0,1514.0,1591.0,1607.0
KIJA,2024-10-18,2024-10-21,2,185.0,188.70000000000002,49600,BUY - MOMENTUM,76,STOP_LOSS,183520.00000000084,137181.20000000086,2.000000000000009,27803.28,18535.52,181.0,191.0,194.0
BFIN,2024-10-23,2024-10-23,1,965.0,946.0,9500,BUY - MOMENTUM,85,STOP_LOSS,-180500.0,-225886.25,-1.9689119170984457,27231.75,18154.5,946.0,994.0,1004.0
TPIA,2024-10-25,2024-10-28,2,9100.0,8918.0,1000,BUY - MOMENTUM,78,STOP_LOSS,-182000.0,-227045.0,-2.0,27027.0,18018.0,8918.0,9373.0,9464.0
AMRT,2024-10-30,2024-10-30,1,3450.0,3364.0,2600,BUY - REVERSAL,82,STOP_LOSS,-223600.0,-267891.0,-2.4927536231884058,26574.6,17716.4,3364.0,3579.0,3622.0
ICBP,2024-10-30,2024-11-01,3,12450.0,12139.0,700,BUY - REVERSAL,93,STOP_LOSS,-217700.0,-260730.75,-2.497991967871486,25818.45,17212.3,12139.0,12917.0,13072.0
TINS,2024-11-07,2024-11-07,1,1450.0,1421.0,6200,BUY - MOMENTUM,78,STOP_LOSS,-179800.0,-224300.5,-2.0,26700.300000000003,17800.2,1421.0,1494.0,1508.0
UNTR,2024-11-06,2024-11-08,3,27200.0,27450.0,300,BUY - MOMENTUM,73,MAX_HOLDING,75000.0,34012.5,0.9191176470588236,24592.5,16395.0,26656.0,28016.0,28288.0
PNLF,2024-11-07,2024-11-11,3,472.0,481.44,19100,BUY - MOMENTUM,86,STOP_LOSS,180303.99999999997,134777.24,1.9999999999999993,27316.056,18210.704,463.0,486.0,491.0
NSSS,2024-11-12,2024-11-12,1,220.0,216.0,41100,BUY - MOMENTUM,85,STOP_LOSS,-164400.0,-209199.0,-1.8181818181818181,26879.4,17919.6,216.0,227.0,229.0
SSIA,2024-11-13,2024-11-15,3,1100.0,1072.0,8100,BUY - REVERSAL,100,STOP_LOSS,-226800.0,-270783.0,-2.5454545454545454,26389.800000000003,17593.2,1072.0,1141.0,1155.0
MEJA,2024-11-15,2024-11-15,1,266.0,261.0,33900,BUY - MOMENTUM,98,STOP_LOSS,-169500.0,-214163.25,-1.8796992481203008,26797.95,17865.3,261.0,274.0,277.0
NSSS,2024-11-19,2024-11-19,1,220.0,216.0,40600,BUY - MOMENTUM,100,STOP_LOSS,-162400.0,-206654.0,-1.8181818181818181,26552.4,17701.6,216.0,227.0,229.0
BULL,2024-11-21,2024-11-21,1,112.0,110.0,79500,BUY - MOMENTUM,73,STOP_LOSS,-159000.0,-203122.5,-1.7857142857142856,26473.5,17649.0,110.0,115.0,116.0
OASA,2024-11-26,2024-11-26,1,132.0,129.0,67300,BUY - MOMENTUM,85,STOP_LOSS,-201900.0,-245813.25,-2.272727272727273,26347.95,17565.300000000003,129.0,136.0,137.0
KLBF,2024-11-25,2024-11-28,3,1500.0,1495.0,5900,BUY - MOMENTUM,100,MAX_HOLDING,-29500.0,-73676.25,-0.33333333333333337,26505.75,17670.5,1470.0,1545.0,1560.0
KIJA,2024-12-02,2024-12-03,2,196.0,192.0,45000,BUY - MOMENTUM,74,STOP_LOSS,-180000.0,-223650.0,-2.0408163265306123,26190.0,17460.0,192.0,202.0,204.0
IMPC,2024-12-05,2024-12-05,1,348.0,341.0,25200,BUY - MOMENTUM,72,STOP_LOSS,-176400.0,-219807.0,-2.0114942528735633,26044.2,17362.800000000003,341.0,358.0,362.0
ENRG,2024-12-10,2024-12-10,1,248.0,243.0,35300,BUY - MOMENTUM,89,STOP_LOSS,-176500.0,-219830.75,-2.0161290322580645,25998.45,17332.3,243.0,255.0,258.0
TLKM,2024-12-10,2024-12-11,2,2770.0,2811.5499999999997,3100,BUY - MOMENTUM,81,STOP_LOSS,128804.99999999916,85547.98749999914,1.4999999999999902,25954.2075,17302.805,2715.0,2853.0,2881.0
KIJA,2024-12-12,2024-12-12,1,200.0,196.0,43700,BUY - MOMENTUM,82,STOP_LOSS,-174800.0,-218063.0,-2.0,25957.800000000003,17305.2,196.0,206.0,208.0
UNTR,2025-01-07,2025-01-08,2,25850.0,25333.0,300,BUY - MOMENTUM,89,STOP_LOSS,-155100.0,-193487.25,-2.0,23032.35,15354.900000000001,25333.0,26626.0,26884.0
AMRT,2025-01-08,2025-01-09,2,2880.0,2822.0,3000,BUY - MOMENTUM,74,STOP_LOSS,-174000.0,-216765.0,-2.013888888888889,25659.0,17106.0,2822.0,2966.0,2995.0
ENRG,2025-01-10,2025-01-10,1,242.0,237.0,35700,BUY - MOMENTUM,100,STOP_LOSS,-178500.0,-221250.75,-2.066115702479339,25650.45,17100.3,237.0,249.0,253.0
KIJA,2025-01-10,2025-01-10,1,191.0,187.0,45300,BUY - MOMENTUM,77,STOP_LOSS,-181200.0,-224008.5,-2.094240837696335,25685.1,17123.4,187.0,197.0,199.0
BRIS,2025-01-13,2025-01-13,1,2720.0,2666.0,3100,BUY - MOMENTUM,77,STOP_LOSS,-167400.0,-209141.5,-1.9852941176470587,25044.9,16696.6,2666.0,2802.0,2829.0
EXCL,2025-01-13,2025-01-15,3,2270.0,2270.0,3700,BUY - MOMENTUM,90,MAX_HOLDING,0.0,-41995.0,0.0,25197.0,16798.0,2225.0,2338.0,2361.0
NSSS,2025-01-15,2025-01-15,1,276.0,270.0,31000,BUY - MOMENTUM,84,STOP_LOSS,-186000.0,-228315.0,-2.1739130434782608,25389.0,16926.0,270.0,284.0,287.0
TLKM,2025-01-17,2025-01-21,3,2660.0,2607.0,3200,BUY - MOMENTUM,99,STOP_LOSS,-169600.0,-211736.0,-1.992481203007519,25281.6,16854.4,2607.0,2740.0,2766.0
BBNI,2025-01-31,2025-01-31,1,4770.0,4675.0,1700,BUY - MOMENTUM,90,STOP_LOSS,-161500.0,-201641.25,-1.9916142557651992,24084.75,16056.5,4675.0,4913.0,4961.0
ISAT,2025-02-20,2025-02-20,1,1755.0,1720.0,4800,BUY - MOMENTUM,100,STOP_LOSS,-168000.0,-209700.0,-1.9943019943019942,25020.0,16680.0,1720.0,1808.0,1825.0
KIJA,2025-02-24,2025-02-24,1,182.0,178.0,46200,BUY - MOMENTUM,68,STOP_LOSS,-184800.0,-226380.0,-2.197802197802198,24948.0,16632.0,178.0,187.0,189.0
PWON,2025-02-26,2025-02-26,1,400.0,392.0,20900,BUY - MOMENTUM,90,STOP_LOSS,-167200.0,-208582.0,-2.0,24829.2,16552.8,392.0,412.0,416.0
BULL,2025-03-03,2025-03-03,1,138.0,135.0,60500,BUY - MOMENTUM,100,STOP_LOSS,-181500.0,-222791.25,-2.1739130434782608,24774.75,16516.5,135.0,142.0,144.0
JSMR,2025-03-19,2025-03-20,2,3840.0,3994.0,2100,BUY - MOMENTUM,99,TARGET2,323400.0,282271.5,4.010416666666667,24677.1,16451.4,3763.0,3955.0,3994.0
JSMR,2025-03-20,2025-03-21,2,3890.0,3812.0,2100,BUY - MOMENTUM,91,STOP_LOSS,-163800.0,-204235.5,-2.005141388174807,24261.300000000003,16174.2,3812.0,4007.0,4046.0
EXCL,2025-03-26,2025-04-08,3,2250.0,2205.0,3700,BUY - MOMENTUM,100,STOP_LOSS,-166500.0,-207708.75,-2.0,24725.25,16483.5,2205.0,2318.0,2340.0
KPIG,2025-04-14,2025-04-14,1,118.0,116.0,70300,BUY - MOMENTUM,100,STOP_LOSS,-140600.0,-181725.50000000003,-1.694915254237288,24675.300000000003,16450.2,116.0,122.0,124.0
OASA,2025-04-15,2025-04-15,1,127.0,124.0,65100,BUY - MOMENTUM,100,STOP_LOSS,-195300.0,-236150.25,-2.3622047244094486,24510.15,16340.100000000002,124.0,131.0,132.0
KIJA,2025-04-21,2025-04-21,1,173.0,170.0,47600,BUY - MOMENTUM,84,STOP_LOSS,-142800.0,-183617.0,-1.7341040462427744,24490.2,16326.8,170.0,178.0,180.0
BULL,2025-05-06,2025-05-06,1,118.0,116.0,69600,BUY - MOMENTUM,100,STOP_LOSS,-139200.0,-179916.0,-1.694915254237288,24429.6,16286.4,116.0,122.0,123.0
KIJA,2025-05-06,2025-05-08,3,176.0,177.0,46600,BUY - MOMENTUM,75,MAX_HOLDING,46600.0,5475.499999999993,0.5681818181818182,24674.7,16449.800000000003,172.0,181.0,183.0
BUMI,2025-05-08,2025-05-08,1,112.0,110.0,73100,BUY - MOMENTUM,83,STOP_LOSS,-146200.0,-186770.5,-1.7857142857142856,24342.300000000003,16228.2,110.0,115.0,116.0
MAPI,2025-05-07,2025-05-09,3,1360.0,1333.0,6000,BUY - MOMENTUM,81,STOP_LOSS,-162000.0,-202395.0,-1.9852941176470587,24237.0,16158.0,1333.0,1401.0,1414.0
BULL,2025-05-09,2025-05-14,2,117.0,115.0,69700,BUY - MOMENTUM,84,STOP_LOSS,-139400.0,-179826.0,-1.7094017094017095,24255.6,16170.400000000001,115.0,121.0,122.0
BULL,2025-05-14,2025-05-15,2,114.0,111.0,71300,BUY - REVERSAL,100,STOP_LOSS,-213900.0,-254006.25,-2.631578947368421,24063.75,16042.5,111.0,118.0,120.0
FILM,2025-05-19,2025-05-21,3,2800.0,2744.0,2800,BUY - MOMENTUM,81,STOP_LOSS,-156800.0,-195608.0,-2.0,23284.800000000003,15523.2,2744.0,2884.0,2912.0
ERAA,2025-05-21,2025-05-21,1,520.0,510.0,15500,BUY - MOMENTUM,100,STOP_LOSS,-155000.0,-194912.5,-1.9230769230769231,23947.5,15965.0,510.0,536.0,541.0
ESSA,2025-05-21,2025-05-21,1,635.0,622.0,12700,BUY - MOMENTUM,71,STOP_LOSS,-165100.0,-205009.75,-2.047244094488189,23945.85,15963.900000000001,622.0,654.0,660.0
PACK,2025-05-21,2025-05-22,2,2050.0,2152.0,3900,BUY - REVERSAL,100,TARGET2,397800.0,356830.5,4.975609756097561,24581.7,16387.8,1999.0,2127.0,2152.0
CTRA,2025-05-22,2025-05-26,3,975.0,985.0,8100,BUY - REVERSAL,91,MAX_HOLDING,81000.0,41310.0,1.0256410256410255,23814.0,15876.0,951.0,1012.0,1024.0
TLKM,2025-05-26,2025-05-26,1,2800.0,2744.0,2800,BUY - MOMENTUM,100,STOP_LOSS,-156800.0,-195608.0,-2.0,23284.800000000003,15523.2,2744.0,2884.0,2912.0
SRTG,2025-05-27,2025-05-27,1,1780.0,1744.0,4400,BUY - MOMENTUM,100,STOP_LOSS,-158400.0,-197164.0,-2.0224719101123596,23258.4,15505.6,1744.0,1833.0,1861.0
MAPI,2025-05-27,2025-05-27,1,1350.0,1323.0,5900,BUY - MOMENTUM,100,STOP_LOSS,-159300.0,-198726.75,-2.0,23656.050000000003,15770.7,1323.0,1390.0,1404.0
MSTI,2025-05-27,2025-05-28,2,1425.0,1482.0,5600,BUY - MOMENTUM,79,TARGET2,319200.0,278502.0,4.0,24418.800000000003,16279.2,1396.0,1468.0,1482.0
MIKA,2025-05-28,2025-05-28,1,2720.0,2666.0,2900,BUY - MOMENTUM,100,STOP_LOSS,-156600.0,-195648.5,-1.9852941176470587,23429.1,15619.400000000001,2666.0,2802.0,2829.0
ITMA,2025-06-03,2025-06-03,1,850.0,833.0,9300,BUY - MOMENTUM,90,STOP_LOSS,-158100.0,-197229.75,-2.0,23477.85,15651.900000000001,833.0,876.0,884.0
PTBA,2025-06-05,2025-06-10,2,2870.0,2913.0499999999997,2700,BUY - MOMENTUM,72,STOP_LOSS,116234.99999999926,77199.41249999926,1.4999999999999907,23421.3525,15614.235,2813.0,2956.0,2985.0
ENRG,2025-06-10,2025-06-10,1,230.0,239.0,34400,BUY - MOMENTUM,89,TARGET2,309600.0,269266.0,3.91304347826087,24200.4,16133.6,225.0,237.0,239.0
KIJA,2025-06-10,2025-06-10,1,184.0,180.0,43000,BUY - MOMENTUM,86,STOP_LOSS,-172000.0,-211130.0,-2.1739130434782608,23478.0,15652.0,180.0,190.0,191.0
MIDI,2025-06-16,2025-06-18,3,416.0,414.0,19100,BUY - REVERSAL,100,MAX_HOLDING,-38200.0,-77832.5,-0.4807692307692308,23779.5,15853.0,406.0,432.0,437.0
OASA,2025-06-20,2025-06-20,1,190.0,186.0,41700,BUY - MOMENTUM,92,STOP_LOSS,-166800.0,-205998.0,-2.1052631578947367,23518.800000000003,15679.2,186.0,196.0,198.0
IMPC,2025-07-01,2025-07-02,2,304.0,298.0,26000,BUY - MOMENTUM,73,STOP_LOSS,-156000.0,-195130.0,-1.9736842105263157,23478.0,15652.0,298.0,313.0,316.0
UNVR,2025-07-17,2025-07-18,2,1575.0,1544.0,5000,BUY - MOMENTUM,75,STOP_LOSS,-155000.0,-193987.5,-1.9682539682539684,23392.5,15595.0,1544.0,1622.0,1638.0
ASII,2025-07-17,2025-07-21,3,4790.0,4760.0,1600,BUY - MOMENTUM,69,MAX_HOLDING,-48000.0,-86200.0,-0.6263048016701461,22920.0,15280.0,4694.0,4934.0,4982.0
HRUM,2025-07-21,2025-07-21,1,840.0,823.0,9300,BUY - MOMENTUM,100,STOP_LOSS,-158100.0,-196764.75,-2.0238095238095237,23198.85,15465.900000000001,823.0,865.0,874.0
BUMI,2025-07-21,2025-07-22,2,118.0,123.0,66500,BUY - MOMENTUM,76,TARGET2,332500.0,292433.75,4.23728813559322,24039.75,16026.5,116.0,122.0,123.0
ASII,2025-07-22,2025-07-23,2,4690.0,4783.8,1600,BUY - REVERSAL,89,STOP_LOSS,150080.0000000003,112184.8000000003,2.000000000000004,22737.120000000003,15158.08,4573.0,4866.0,4924.0
BBNI,2025-07-28,2025-07-28,1,4210.0,4126.0,1800,BUY - MOMENTUM,91,STOP_LOSS,-151200.0,-188712.0,-1.9952494061757717,22507.2,15004.8,4126.0,4336.0,4378.0
MTDL,2025-07-25,2025-07-29,3,565.0,570.0,13900,BUY - MOMENTUM,76,MAX_HOLDING,69500.0,30058.75,0.8849557522123894,23664.75,15776.5,554.0,582.0,588.0
PGAS,2025-07-31,2025-08-04,3,1630.0,1635.0,4800,BUY - MOMENTUM,71,MAX_HOLDING,24000.0,-15180.0,0.3067484662576687,23508.0,15672.0,1597.0,1679.0,1695.0
BREN,2025-08-05,2025-08-05,1,7075.0,6898.0,1100,BUY - REVERSAL,100,STOP_LOSS,-194700.0,-233125.75,-2.501766784452297,23055.45,15370.3,6898.0,7340.0,7429.0
OASA,2025-08-12,2025-08-12,1,198.0,194.0,39400,BUY - MOMENTUM,100,STOP_LOSS,-157600.0,-196211.99999999997,-2.0202020202020203,23167.2,15444.8,194.0,204.0,206.0
MSIN,2025-08-14,2025-08-14,1,492.0,482.0,15800,BUY - MOMENTUM,79,STOP_LOSS,-158000.0,-196473.0,-2.0325203252032518,23083.8,15389.2,482.0,507.0,512.0
PTRO,2025-08-13,2025-08-15,3,3910.0,3910.0,1900,BUY - MOMENTUM,82,STOP_LOSS,0.0,-37145.0,0.0,22287.0,14858.0,3832.0,4027.0,4066.0
ISAT,2025-08-14,2025-08-15,2,2220.0,2164.0,3500,BUY - REVERSAL,94,STOP_LOSS,-196000.0,-234360.0,-2.5225225225225225,23016.0,15344.0,2164.0,2303.0,2331.0
SMGR,2025-08-14,2025-08-15,2,2650.0,2597.0,2900,BUY - MOMENTUM,73,STOP_LOSS,-153700.0,-191740.75,-2.0,22824.45,15216.3,2597.0,2730.0,2756.0
MSIN,2025-08-15,2025-08-15,1,505.0,495.0,15300,BUY - MOMENTUM,100,STOP_LOSS,-153000.0,-191250.0,-1.9801980198019802,22950.0,15300.0,495.0,520.0,525.0
ISAT,2025-08-15,2025-08-20,3,2180.0,2210.0,3500,BUY - REVERSAL,100,MAX_HOLDING,105000.0,66587.5,1.3761467889908259,23047.5,15365.0,2126.0,2262.0,2289.0
MSIN,2025-08-19,2025-08-21,3,494.0,496.0,15400,BUY - REVERSAL,92,MAX_HOLDING,30800.0,-7315.000000000002,0.4048582995951417,22869.0,15246.0,482.0,513.0,519.0
WIFI,2025-08-26,2025-08-26,1,2870.0,2813.0,2600,BUY - MOMENTUM,90,STOP_LOSS,-148200.0,-185139.5,-1.986062717770035,22163.7,14775.8,2813.0,2956.0,2985.0
BBHI,2025-08-25,2025-08-27,3,1575.0,1638.0,4800,BUY - MOMENTUM,80,TARGET2,302400.0,263844.0,4.0,23133.6,15422.400000000001,1544.0,1622.0,1638.0
MDKA,2025-08-26,2025-08-27,2,2230.0,2274.6,3400,BUY - REVERSAL,100,STOP_LOSS,151639.99999999968,113350.89999999967,1.9999999999999958,22973.46,15315.64,2174.0,2314.0,2342.0
SSIA,2025-08-27,2025-08-27,1,2450.0,2401.0,3100,BUY - MOMENTUM,100,STOP_LOSS,-151900.0,-189495.25,-2.0,22557.15,15038.1,2401.0,2524.0,2548.0
PGAS,2025-08-27,2025-08-28,2,1665.0,1689.975,4500,BUY - REVERSAL,100,STOP_LOSS,112387.49999999959,74644.03124999959,1.4999999999999947,22646.081250000003,15097.3875,1623.0,1727.0,1748.0
BULL,2025-08-28,2025-08-28,1,161.0,158.0,47500,BUY - MOMENTUM,97,STOP_LOSS,-142500.0,-180381.25,-1.8633540372670807,22728.75,15152.5,158.0,166.0,167.0
MYOR,2025-08-27,2025-08-29,3,2150.0,2096.0,3500,BUY - REVERSAL,100,STOP_LOSS,-189000.0,-226152.5,-2.511627906976744,22291.5,14861.0,2096.0,2231.0,2258.0
BBTN,2025-08-28,2025-08-29,2,1305.0,1279.0,5800,BUY - MOMENTUM,100,STOP_LOSS,-150800.0,-188268.0,-1.992337164750958,22480.800000000003,14987.2,1279.0,1344.0,1357.0
BBHI,2025-08-29,2025-08-29,1,1570.0,1531.0,4800,BUY - REVERSAL,86,STOP_LOSS,-187200.0,-224412.0,-2.4840764331210194,22327.2,14884.8,1531.0,1629.0,1648.0
BBRI,2025-08-29,2025-09-01,2,4050.0,3949.0,1800,BUY - REVERSAL,100,STOP_LOSS,-181800.0,-217795.5,-2.493827160493827,21597.300000000003,14398.2,3949.0,4202.0,4252.0
PWON,2025-08-29,2025-09-01,2,372.0,363.0,20500,BUY - REVERSAL,100,STOP_LOSS,-184500.0,-222168.75,-2.4193548387096775,22601.25,15067.5,363.0,386.0,391.0
INDY,2025-09-08,2025-09-08,1,1660.0,1627.0,4500,BUY - MOMENTUM,100,STOP_LOSS,-148500.0,-185478.75,-1.9879518072289155,22187.25,14791.5,1627.0,1710.0,1726.0
OASA,2025-09-08,2025-09-08,1,250.0,260.0,29900,BUY - MOMENTUM,89,TARGET2,299000.0,260877.5,4.0,22873.5,15249.0,245.0,258.0,260.0
AMMN,2025-09-11,2025-09-15,3,8050.0,8125.0,900,BUY - MOMENTUM,90,MAX_HOLDING,67500.0,31106.25,0.9316770186335404,21836.25,14557.5,7889.0,8292.0,8372.0
CDIA,2025-09-18,2025-09-19,2,1505.0,1579.0,4900,BUY - MOMENTUM,92,TARGET2,362600.0,324821.0,4.916943521594684,22667.4,15111.6,1475.0,1550.0,1579.0
KPIG,2025-09-19,2025-09-23,3,190.0,185.0,39400,BUY - REVERSAL,100,STOP_LOSS,-197000.0,-233937.5,-2.631578947368421,22162.5,14775.0,185.0,197.0,200.0
UNTR,2025-09-19,2025-09-23,3,26750.0,27200.0,200,BUY - MOMENTUM,81,MAX_HOLDING,90000.0,63025.0,1.6822429906542056,16185.0,10790.0,26215.0,27552.0,27820.0
NCKL,2025-09-23,2025-09-23,1,1110.0,1088.0,6700,BUY - MOMENTUM,100,STOP_LOSS,-147400.0,-184216.5,-1.981981981981982,22089.9,14726.6,1088.0,1143.0,1154.0
ARTO,2025-09-24,2025-09-24,1,2100.0,2048.0,3500,BUY - REVERSAL,100,STOP_LOSS,-182000.0,-218295.0,-2.4761904761904763,21777.0,14518.0,2048.0,2179.0,2205.0
KLBF,2025-09-25,2025-09-29,3,1145.0,1120.0,6500,BUY - REVERSAL,100,MAX_HOLDING,-162500.0,-199306.25,-2.1834061135371177,22083.75,14722.5,1116.0,1188.0,1202.0
RAJA,2025-10-02,2025-10-02,1,3260.0,3195.0,2200,BUY - MOMENTUM,100,STOP_LOSS,-143000.0,-178502.5,-1.9938650306748467,21301.5,14201.0,3195.0,3358.0,3390.0
BULL,2025-10-02,2025-10-02,1,189.0,185.0,39300,BUY - MOMENTUM,73,STOP_LOSS,-157200.0,-193945.5,-2.1164021164021163,22047.300000000003,14698.2,185.0,195.0,197.0
ASII,2025-10-07,2025-10-07,1,5750.0,6038.0,1200,BUY - REVERSAL,82,TARGET2,345600.0,310236.0,5.008695652173913,21218.4,14145.6,5606.0,5966.0,6038.0
PANI,2025-10-08,2025-10-08,1,15375.0,15068.0,400,BUY - MOMENTUM,79,STOP_LOSS,-122800.0,-153243.0,-1.9967479674796749,18265.800000000003,12177.2,15068.0,15836.0,15990.0
JPFA,2025-10-09,2025-10-09,1,2160.0,2117.0,3400,BUY - MOMENTUM,79,STOP_LOSS,-146200.0,-182554.5,-1.990740740740741,21812.7,14541.8,2117.0,2225.0,2246.0
ISAT,2025-10-15,2025-10-15,1,1925.0,1886.0,3800,BUY - MOMENTUM,100,STOP_LOSS,-148200.0,-184404.5,-2.0259740259740258,21722.7,14481.8,1886.0,1983.0,2002.0
KLBF,2025-10-15,2025-10-15,1,1085.0,1063.0,6700,BUY - MOMENTUM,100,STOP_LOSS,-147400.0,-183379.0,-2.0276497695852536,21587.4,14391.6,1063.0,1118.0,1128.0
JSMR,2025-10-15,2025-10-17,3,3840.0,3763.0,1900,BUY - MOMENTUM,100,STOP_LOSS,-146300.0,-182414.25,-2.0052083333333335,21668.550000000003,14445.7,3763.0,3955.0,3994.0
FILM,2025-10-20,2025-10-20,1,5200.0,5096.0,1400,BUY - MOMENTUM,100,STOP_LOSS,-145600.0,-181636.0,-2.0,21621.6,14414.400000000001,5096.0,5356.0,5408.0
ICBP,2025-10-23,2025-10-27,3,8825.0,8850.0,800,BUY - REVERSAL,82,MAX_HOLDING,20000.0,-15350.0,0.28328611898017,21210.0,14140.0,8604.0,9156.0,9266.0
TKIM,2025-10-28,2025-10-28,1,7100.0,6958.0,1000,BUY - MOMENTUM,86,STOP_LOSS,-142000.0,-177145.0,-2.0,21087.0,14058.0,6958.0,7313.0,7384.0
INKP,2025-10-28,2025-10-30,3,7750.0,7700.0,900,BUY - MOMENTUM,81,MAX_HOLDING,-45000.0,-79762.5,-0.6451612903225806,20857.5,13905.0,7595.0,7982.0,8060.0
ITMG,2025-11-05,2025-11-07,3,23600.0,23400.0,300,BUY - MOMENTUM,84,MAX_HOLDING,-60000.0,-95250.0,-0.847457627118644,21150.0,14100.0,23128.0,24308.0,24544.0
OASA,2025-11-14,2025-11-14,1,220.0,216.0,32700,BUY - MOMENTUM,100,STOP_LOSS,-130800.0,-166443.0,-1.8181818181818181,21385.800000000003,14257.2,216.0,227.0,229.0
ELSA,2025-11-14,2025-11-14,1,540.0,529.0,13300,BUY - MOMENTUM,85,STOP_LOSS,-146300.0,-181844.25,-2.037037037037037,21326.550000000003,14217.7,529.0,556.0,562.0
MTEL,2025-11-13,2025-11-17,3,560.0,560.0,12800,BUY - MOMENTUM,100,MAX_HOLDING,0.0,-35840.0,0.0,21504.0,14336.0,549.0,577.0,582.0
SSIA,2025-11-17,2025-11-17,1,1745.0,1710.0,4000,BUY - MOMENTUM,100,STOP_LOSS,-140000.0,-174550.0,-2.005730659025788,20730.0,13820.0,1710.0,1797.0,1815.0
INTP,2025-11-24,2025-11-25,2,6700.0,6532.0,1000,BUY - REVERSAL,89,STOP_LOSS,-168000.0,-201080.0,-2.5074626865671643,19848.0,13232.0,6532.0,6951.0,7035.0
BBRI,2025-11-24,2025-11-25,2,3980.0,3900.0,1700,BUY - MOMENTUM,81,STOP_LOSS,-136000.0,-169490.0,-2.0100502512562812,20094.0,13396.0,3900.0,4099.0,4139.0
TPIA,2025-11-24,2025-11-26,3,7150.0,7175.0,900,BUY - REVERSAL,100,MAX_HOLDING,22500.0,-9731.25,0.34965034965034963,19338.75,12892.5,6971.0,7418.0,7508.0
ASII,2025-11-24,2025-11-26,3,6475.0,6600.0,1000,BUY - MOMENTUM,85,MAX_HOLDING,125000.0,92312.5,1.9305019305019304,19612.5,13075.0,6346.0,6669.0,6734.0
BKSL,2025-11-26,2025-11-26,1,138.0,135.0,51200,BUY - MOMENTUM,100,STOP_LOSS,-153600.0,-188544.0,-2.1739130434782608,20966.4,13977.6,135.0,142.0,144.0
PGAS,2025-11-26,2025-11-28,3,1755.0,1755.0,4000,BUY - MOMENTUM,78,STOP_LOSS,0.0,-35100.0,0.0,21060.0,14040.0,1720.0,1808.0,1825.0
INKP,2025-12-08,2025-12-08,1,8800.0,8624.0,800,BUY - MOMENTUM,94,STOP_LOSS,-140800.0,-175648.0,-2.0,20908.800000000003,13939.2,8624.0,9064.0,9152.0
BULL,2025-12-08,2025-12-08,1,322.0,316.0,21800,BUY - MOMENTUM,80,STOP_LOSS,-130800.0,-165571.0,-1.8633540372670807,20862.6,13908.400000000001,316.0,332.0,335.0
UNVR,2025-12-09,2025-12-09,1,2670.0,2617.0,2600,BUY - MOMENTUM,90,STOP_LOSS,-137800.0,-172165.5,-1.9850187265917603,20619.300000000003,13746.2,2617.0,2750.0,2782.0
BULL,2025-12-10,2025-12-10,1,326.0,319.0,21300,BUY - MOMENTUM,100,STOP_LOSS,-149100.0,-183446.25,-2.147239263803681,20607.75,13738.5,319.0,336.0,339.0
MDKA,2025-12-10,2025-12-11,2,2280.0,2234.0,3000,BUY - MOMENTUM,90,STOP_LOSS,-138000.0,-171855.0,-2.017543859649123,20313.0,13542.0,2234.0,2348.0,2371.0
MDKA,2025-12-12,2025-12-12,1,2250.0,2205.0,3000,BUY - MOMENTUM,97,STOP_LOSS,-135000.0,-168412.5,-2.0,20047.5,13365.0,2205.0,2318.0,2340.0
TLKM,2025-12-11,2025-12-15,3,3570.0,3481.0,1900,BUY - REVERSAL,90,STOP_LOSS,-169100.0,-202592.25,-2.492997198879552,20095.35,13396.900000000001,3481.0,3704.0,3748.0
NSSS,2025-12-12,2025-12-15,2,690.0,676.0,10000,BUY - MOMENTUM,76,STOP_LOSS,-140000.0,-174150.0,-2.0289855072463765,20490.0,13660.0,676.0,711.0,718.0
BBRI,2025-12-17,2025-12-19,3,3750.0,3770.0,1800,BUY - MOMENTUM,80,MAX_HOLDING,36000.0,2160.0,0.5333333333333333,20304.0,13536.0,3675.0,3862.0,3900.0
PGAS,2025-12-19,2025-12-22,2,1860.0,1860.0,3600,BUY - MOMENTUM,80,STOP_LOSS,0.0,-33480.0,0.0,20088.0,13392.0,1823.0,1916.0,1934.0
VKTR,2025-12-23,2025-12-23,1,845.0,828.0,8000,BUY - MOMENTUM,100,STOP_LOSS,-136000.0,-169460.0,-2.0118343195266273,20076.0,13384.0,828.0,870.0,879.0
ENRG,2025-12-29,2025-12-29,1,1530.0,1499.0,4400,BUY - MOMENTUM,100,STOP_LOSS,-136400.0,-169719.0,-2.026143790849673,19991.4,13327.6,1499.0,1576.0,1591.0
MINA,2025-12-30,2025-12-30,1,382.0,397.0,17700,BUY - MOMENTUM,100,TARGET2,265500.0,231029.25,3.926701570680628,20682.45,13788.300000000001,374.0,393.0,397.0
KIJA,2026-01-07,2026-01-07,1,250.0,245.0,27200,BUY - MOMENTUM,100,STOP_LOSS,-136000.0,-169660.0,-2.0,20196.0,13464.0,245.0,258.0,260.0
UNVR,2026-01-08,2026-01-08,1,2620.0,2725.0,2500,BUY - MOMENTUM,100,TARGET2,262500.0,229093.75,4.007633587786259,20043.75,13362.5,2568.0,2699.0,2725.0
ITMA,2026-01-12,2026-01-12,1,1840.0,1932.0,3700,BUY - REVERSAL,76,TARGET2,340400.0,305509.0,5.0,20934.6,13956.400000000001,1794.0,1909.0,1932.0
TLKM,2026-01-12,2026-01-14,3,3520.0,3661.0,1900,BUY - MOMENTUM,92,TARGET2,267900.0,233790.25,4.005681818181818,20465.85,13643.900000000001,3450.0,3626.0,3661.0
BTPS,2026-01-14,2026-01-15,2,1165.0,1182.475,5800,BUY - REVERSAL,100,STOP_LOSS,101354.99999999948,67316.61249999948,1.4999999999999922,20423.0325,13615.355,1136.0,1209.0,1223.0
AGII,2026-01-15,2026-01-15,1,1610.0,1578.0,4200,BUY - MOMENTUM,87,STOP_LOSS,-134400.0,-167874.0,-1.9875776397515528,20084.4,13389.6,1578.0,1658.0,1674.0
SMGR,2026-01-15,2026-01-20,3,2640.0,2640.0,2600,BUY - MOMENTUM,88,MAX_HOLDING,0.0,-34320.0,0.0,20592.0,13728.0,2587.0,2719.0,2746.0
KLBF,2026-01-15,2026-01-20,3,1205.0,1190.0,5700,BUY - REVERSAL,86,MAX_HOLDING,-85500.0,-119628.75,-1.2448132780082988,20477.25,13651.5,1175.0,1250.0,1265.0
GGRM,2026-01-21,2026-01-21,1,16000.0,15680.0,400,BUY - MOMENTUM,82,STOP_LOSS,-128000.0,-159680.0,-2.0,19008.0,12672.0,15680.0,16480.0,16640.0
ERAL,2026-01-29,2026-01-29,1,356.0,349.0,19200,BUY - MOMENTUM,86,STOP_LOSS,-134400.0,-168240.0,-1.9662921348314606,20304.0,13536.0,349.0,367.0,370.0
INET,2026-02-11,2026-02-11,1,382.0,374.0,17800,BUY - MOMENTUM,100,STOP_LOSS,-142400.0,-176041.99999999997,-2.094240837696335,20185.2,13456.8,374.0,393.0,397.0
INTP,2026-02-10,2026-02-12,3,6650.0,6749.749999999999,1000,BUY - MOMENTUM,76,STOP_LOSS,99749.9999999991,66250.6249999991,1.4999999999999862,20099.625,13399.75,6517.0,6850.0,6916.0
AUTO,2026-03-04,2026-03-04,1,2750.0,2750.0,2400,BUY - REVERSAL,90,BACKTEST_END,0.0,-33000.0,0.0,19800.0,13200.0,2681.0,2853.0,2888.0
