date,capital,unrealized_pnl,total_equity,num_positions,return_pct
2023-02-22,100000000.0,0.0,100000000.0,4,0.0
2023-02-23,100148939.375,802000.0,100950939.375,4,0.9509393749999999
2023-02-24,100817489.375,-51000.0,100766489.375,2,0.766489375
2023-02-27,100997901.875,-112000.0,100885901.875,3,0.885901875
2023-02-28,101000618.375,-42500.0,100958118.375,3,0.958118375
2023-03-01,99952742.125,-427000.0,99525742.125,3,-0.47425787500000005
2023-03-02,99621511.625,0.0,99621511.625,2,-0.37848837500000004
2023-03-03,99621511.625,-216000.0,99405511.625,4,-0.5944883750000001
2023-03-06,98969599.175,0.0,98969599.175,1,-1.030400825000003
2023-03-07,98969599.175,207000.0,99176599.175,4,-0.823400825000003
2023-03-08,98963906.675,111800.0,99075706.675,4,-0.9242933250000029
2023-03-09,99061703.675,245000.0,99306703.675,2,-0.6932963250000029
2023-03-10,99129428.675,-162000.0,98967428.675,1,-1.032571325000003
2023-03-13,98468590.175,0.0,98468590.175,0,-1.531409825000003
2023-03-14,98468590.175,0.0,98468590.175,0,-1.531409825000003
2023-03-15,98468590.175,0.0,98468590.175,1,-1.531409825000003
2023-03-16,98468590.175,-255000.0,98213590.175,3,-1.786409825000003
2023-03-17,98446787.675,78500.0,98525287.675,4,-1.474712325000003
2023-03-20,97264233.925,-40000.0,97224233.925,1,-2.775766075000003
2023-03-21,97192033.925,0.0,97192033.925,1,-2.807966075000003
2023-03-24,97332380.64375,0.0,97332380.64375,4,-2.667619356250003
2023-03-27,97332380.64375,-27500.0,97304880.64375,5,-2.695119356250003
2023-03-28,97422274.2375,0.0,97422274.2375,0,-2.5777257625000027
2023-03-29,97422274.2375,0.0,97422274.2375,4,-2.5777257625000027
2023-03-30,96772907.9875,-35000.0,96737907.9875,4,-3.262092012500003
2023-03-31,95914271.9875,50000.0,95964271.9875,2,-4.035728012500003
2023-04-03,96091896.9875,0.0,96091896.9875,3,-3.9081030125000025
2023-04-04,95419241.9875,-488500.0,94930741.9875,3,-5.069258012500003
2023-04-05,95285126.58749999,0.0,95285126.58749999,1,-4.714873412500009
2023-04-06,95285126.58749999,-248500.0,95036626.58749999,1,-4.963373412500009
2023-04-10,95001836.58749999,0.0,95001836.58749999,1,-4.998163412500009
2023-04-11,94369644.58749999,-57500.0,94312144.58749999,2,-5.687855412500009
2023-04-12,94470413.33749999,-37500.0,94432913.33749999,1,-5.567086662500009
2023-04-13,94400100.83749999,0.0,94400100.83749999,1,-5.599899162500009
2023-04-14,94400100.83749999,118000.0,94518100.83749999,5,-5.481899162500009
2023-04-17,94447300.83749999,-555000.0,93892300.83749999,4,-6.107699162500009
2023-04-18,93912883.08749999,0.0,93912883.08749999,1,-6.087116912500009
2023-04-26,93912883.08749999,67500.0,93980383.08749999,5,-6.019616912500009
2023-04-27,93978082.08749999,268000.0,94246082.08749999,2,-5.753917912500009
2023-04-28,94254113.08749999,0.0,94254113.08749999,2,-5.7458869125000085
2023-05-02,94254113.08749999,-358200.0,93895913.08749999,5,-6.1040869125000095
2023-05-03,93922133.08749999,-200000.0,93722133.08749999,3,-6.277866912500009
2023-05-04,92993795.58749999,0.0,92993795.58749999,2,-7.006204412500009
2023-05-05,92993795.58749999,300000.0,93293795.58749999,2,-6.70620441250001
2023-05-08,93011176.83749999,0.0,93011176.83749999,1,-6.988823162500009
2023-05-09,93011176.83749999,0.0,93011176.83749999,2,-6.988823162500009
2023-05-10,93330458.7825,0.0,93330458.7825,1,-6.669541217500001
2023-05-11,93330458.7825,-279000.0,93051458.7825,5,-6.948541217500001
2023-05-12,92682998.5325,158000.0,92840998.5325,2,-7.1590014675
2023-05-15,93298963.0325,0.0,93298963.0325,1,-6.701036967500001
2023-05-16,93298963.0325,118800.0,93417763.0325,2,-6.582236967500001
2023-05-17,92688628.0325,0.0,92688628.0325,2,-7.3113719675
2023-05-19,92063780.0325,-590000.0,91473780.0325,4,-8.526219967500001
2023-05-22,91764211.2825,-225800.0,91538411.2825,3,-8.461588717500002
2023-05-23,91206501.2825,187500.0,91394001.2825,3,-8.6059987175
2023-05-24,91341617.68875,-120000.0,91221617.68875,2,-8.77838231125
2023-05-25,90799247.68875,0.0,90799247.68875,2,-9.200752311250001
2023-05-26,90799247.68875,-246000.0,90553247.68875,3,-9.44675231125
2023-05-29,90194000.18875,0.0,90194000.18875,1,-9.805999811250002
2023-05-30,90269600.18875,0.0,90269600.18875,2,-9.73039981125
2023-05-31,89038928.18875,-137000.0,88901928.18875,3,-11.098071811250001
2023-06-05,88986858.18875,80000.0,89066858.18875,3,-10.933141811250001
2023-06-06,89239658.18875,-38000.0,89201658.18875,4,-10.798341811250001
2023-06-07,89519924.06375,0.0,89519924.06375,1,-10.480075936250001
2023-06-08,89519924.06375,87000.0,89606924.06375,1,-10.393075936250002
2023-06-09,89395804.06375,0.0,89395804.06375,1,-10.604195936250001
2023-06-12,89395804.06375,112500.0,89508304.06375,3,-10.49169593625
2023-06-13,89795081.18875,0.0,89795081.18875,2,-10.204918811250002
2023-06-14,89133074.18875,-49000.0,89084074.18875,3,-10.915925811250002
2023-06-15,88595928.93875,141000.0,88736928.93875,3,-11.263071061250002
2023-06-16,88491733.93875,-377000.0,88114733.93875,3,-11.88526606125
2023-06-19,87836931.18875,0.0,87836931.18875,2,-12.163068811250001
2023-06-20,87883749.93875,-12500.0,87871249.93875,3,-12.12875006125
2023-06-21,87925624.93875,57500.0,87983124.93875,4,-12.016875061250001
2023-06-22,87437387.43875,-177200.0,87260187.43875,3,-12.739812561250002
2023-06-23,87606420.43875,-116700.0,87489720.43875,1,-12.510279561250002
2023-06-26,87540484.93875,0.0,87540484.93875,3,-12.45951506125
2023-06-27,88132062.93875,-279700.0,87852362.93875,4,-12.14763706125
2023-07-03,87723918.18875,0.0,87723918.18875,1,-12.276081811250002
2023-07-04,87723918.18875,-95000.0,87628918.18875,5,-12.37108181125
2023-07-05,87760689.42875,-114000.0,87646689.42875,3,-12.353310571250006
2023-07-06,87880233.22874999,0.0,87880233.22874999,2,-12.11976677125001
2023-07-07,87880233.22874999,-304000.0,87576233.22874999,5,-12.42376677125001
2023-07-10,87609263.22874999,-217000.0,87392263.22874999,2,-12.607736771250009
2023-07-11,87092650.47874999,0.0,87092650.47874999,2,-12.907349521250008
2023-07-12,87092650.47874999,77500.0,87170150.47874999,4,-12.829849521250008
2023-07-13,86976031.72874999,245000.0,87221031.72874999,3,-12.77896827125001
2023-07-14,87090094.22874999,-95000.0,86995094.22874999,3,-13.004905771250009
2023-07-17,86788587.97874999,-177000.0,86611587.97874999,4,-13.38841202125001
2023-07-18,86294160.47874999,-181600.0,86112560.47874999,3,-13.887439521250009
2023-07-20,85846879.54124999,0.0,85846879.54124999,2,-14.15312045875001
2023-07-21,86121769.54124999,159500.0,86281269.54124999,3,-13.71873045875001
2023-07-24,86180839.54124999,-51400.0,86129439.54124999,1,-13.870560458750008
2023-07-25,85382667.04124999,0.0,85382667.04124999,3,-14.61733295875001
2023-07-26,85574983.84124999,-117500.0,85457483.84124999,4,-14.542516158750013
2023-07-27,84943218.65374999,110000.0,85053218.65374999,1,-14.946781346250013
2023-07-28,85156206.15374999,0.0,85156206.15374999,1,-14.843793846250012
2023-07-31,85135523.65374999,-112600.0,85022923.65374999,3,-14.977076346250012
2023-08-01,84566471.40374999,-368200.0,84198271.40374999,4,-15.801728596250012
2023-08-02,83428959.65374999,-310000.0,83118959.65374999,3,-16.88104034625001
2023-08-03,82802385.15374999,220000.0,83022385.15374999,2,-16.977614846250013
2023-08-04,82904272.65374999,60000.0,82964272.65374999,4,-17.035727346250013
2023-08-07,82782322.65374999,-318500.0,82463822.65374999,4,-17.53617734625001
2023-08-08,82366400.15374999,-45000.0,82321400.15374999,2,-17.678599846250012
2023-08-09,82304525.15374999,0.0,82304525.15374999,4,-17.69547484625001
2023-08-10,82399681.40374999,-205000.0,82194681.40374999,4,-17.805318596250014
2023-08-11,82492671.40374999,-244000.0,82248671.40374999,1,-17.751328596250012
2023-08-14,82615429.32874998,0.0,82615429.32874998,4,-17.384570671250017
2023-08-15,82615429.32874998,-215000.0,82400429.32874998,5,-17.599570671250014
2023-08-16,82015337.62874998,0.0,82015337.62874998,0,-17.984662371250018
2023-08-18,82567300.12874998,0.0,82567300.12874998,1,-17.43269987125002
2023-08-21,82567300.12874998,-160000.0,82407300.12874998,3,-17.592699871250016
2023-08-22,82857867.22874998,-228000.0,82629867.22874998,3,-17.370132771250024
2023-08-23,82739449.72874998,184500.0,82923949.72874998,4,-17.076050271250022
2023-08-24,82755705.97874998,333000.0,83088705.97874998,3,-16.911294021250026
2023-08-25,82353728.47874998,0.0,82353728.47874998,3,-17.64627152125002
2023-08-28,82246965.97874998,-194500.0,82052465.97874998,4,-17.947534021250025
2023-08-29,82053902.22874998,214000.0,82267902.22874998,3,-17.732097771250025
2023-08-30,82160604.40374997,0.0,82160604.40374997,2,-17.839395596250025
2023-08-31,82160604.40374997,-120000.0,82040604.40374997,2,-17.959395596250026
2023-09-01,81911229.40374997,0.0,81911229.40374997,3,-18.08877059625003
2023-09-04,81911229.40374997,-255000.0,81656229.40374997,5,-18.343770596250028
2023-09-05,81518091.90374997,39000.0,81557091.90374997,2,-18.442908096250026
2023-09-06,81335989.40374997,0.0,81335989.40374997,3,-18.664010596250026
2023-09-07,81874085.90374997,-509100.0,81364985.90374997,4,-18.63501409625003
2023-09-08,80940088.90374997,0.0,80940088.90374997,1,-19.059911096250026
2023-09-11,80940088.90374997,-113600.0,80826488.90374997,3,-19.173511096250024
2023-09-12,79859650.90374997,-78000.0,79781650.90374997,3,-20.218349096250027
2023-09-13,78172658.65374997,-97200.0,78075458.65374997,1,-21.924541346250027
2023-09-14,77966716.15374997,0.0,77966716.15374997,2,-22.033283846250026
2023-09-15,77966716.15374997,22500.0,77989216.15374997,3,-22.010783846250025
2023-09-18,77358716.15374997,0.0,77358716.15374997,2,-22.641283846250026
2023-09-19,77300716.15374997,-42500.0,77258216.15374997,2,-22.741783846250026
2023-09-20,77242278.65374997,0.0,77242278.65374997,4,-22.757721346250026
2023-09-21,77082863.90374997,-274500.0,76808363.90374997,4,-23.191636096250026
2023-09-22,76623233.90374997,0.0,76623233.90374997,0,-23.376766096250027
2023-09-25,77162330.90374997,0.0,77162330.90374997,4,-22.83766909625003
2023-09-26,77162330.90374997,-50100.0,77112230.90374997,5,-22.887769096250025
2023-09-27,76965080.40374997,0.0,76965080.40374997,0,-23.034919596250027
2023-09-29,76965080.40374997,0.0,76965080.40374997,5,-23.034919596250027
2023-10-02,77230721.22374997,-14000.0,77216721.22374997,2,-22.783278776250036
2023-10-03,76954036.22374997,0.0,76954036.22374997,3,-23.045963776250034
2023-10-04,76954036.22374997,-861000.0,76093036.22374997,5,-23.906963776250034
2023-10-05,75895580.72374997,-13000.0,75882580.72374997,2,-24.117419276250036
2023-10-06,75279928.22374997,0.0,75279928.22374997,2,-24.720071776250034
2023-10-09,75224038.22374997,-60000.0,75164038.22374997,2,-24.835961776250034
2023-10-10,75257113.22374997,-25000.0,75232113.22374997,3,-24.767886776250034
2023-10-11,75398392.22374997,-127500.0,75270892.22374997,3,-24.729107776250032
2023-10-12,75215323.47374997,17000.0,75232323.47374997,4,-24.767676526250035
2023-10-13,75066428.47374997,-331000.0,74735428.47374997,3,-25.264571526250034
2023-10-16,74310926.47374997,0.0,74310926.47374997,3,-25.689073526250034
2023-10-17,74343780.97374997,47000.0,74390780.97374997,4,-25.609219026250035
2023-10-18,74204733.47374997,-160600.0,74044133.47374997,3,-25.95586652625003
2023-10-19,73475801.47374997,-175000.0,73300801.47374997,1,-26.699198526250033
2023-10-20,72506281.47374997,0.0,72506281.47374997,3,-27.49371852625003
2023-10-23,72026629.47374997,-296000.0,71730629.47374997,2,-28.269370526250036
2023-10-24,71403565.97374997,0.0,71403565.97374997,3,-28.596434026250034
2023-10-25,71403565.97374997,-433900.0,70969665.97374997,5,-29.03033402625003
2023-10-26,70383231.97374997,0.0,70383231.97374997,1,-29.616768026250035
2023-10-27,69815951.47374997,0.0,69815951.47374997,3,-30.184048526250034
2023-10-30,69973736.76374997,-34500.0,69939236.76374997,2,-30.060763236250025
2023-10-31,70536725.76374997,0.0,70536725.76374997,1,-29.463274236250026
2023-11-01,70536725.76374997,-440000.0,70096725.76374997,2,-29.903274236250027
2023-11-02,70324092.15124997,0.0,70324092.15124997,1,-29.67590784875003
2023-11-03,70324092.15124997,48500.0,70372592.15124997,3,-29.627407848750025
2023-11-06,70319605.90124997,-132500.0,70187105.90124997,4,-29.812894098750025
2023-11-07,69670824.65124997,-106500.0,69564324.65124997,3,-30.435675348750024
2023-11-08,69304123.76374997,36000.0,69340123.76374997,2,-30.659876236250028
2023-11-09,69288013.76374997,35000.0,69323013.76374997,4,-30.676986236250027
2023-11-10,70007078.76374997,-353600.0,69653478.76374997,3,-30.34652123625003
2023-11-13,69483709.26374997,0.0,69483709.26374997,1,-30.516290736250028
2023-11-14,69483709.26374997,190800.0,69674509.26374997,4,-30.32549073625003
2023-11-15,70244723.26374997,90000.0,70334723.26374997,3,-29.66527673625003
2023-11-16,69696862.01374997,0.0,69696862.01374997,1,-30.30313798625003
2023-11-17,69611199.51374997,0.0,69611199.51374997,2,-30.388800486250027
2023-11-20,69611199.51374997,190000.0,69801199.51374997,5,-30.198800486250025
2023-11-21,69753287.01374997,-173500.0,69579787.01374997,3,-30.42021298625003
2023-11-22,69096858.01374997,0.0,69096858.01374997,1,-30.903141986250027
2023-11-23,68632143.01374997,142500.0,68774643.01374997,4,-31.22535698625003
2023-11-24,68308409.76374997,0.0,68308409.76374997,1,-31.69159023625003
2023-11-27,68314991.01374997,0.0,68314991.01374997,2,-31.68500898625003
2023-11-28,67506898.59374997,0.0,67506898.59374997,2,-32.49310140625003
2023-11-29,66926553.09374997,-91500.0,66835053.09374997,2,-33.16494690625003
2023-11-30,66549777.34374997,0.0,66549777.34374997,2,-33.45022265625003
2023-12-01,66112520.59374997,112500.0,66225020.59374997,3,-33.774979406250026
2023-12-04,66212601.84374997,270000.0,66482601.84374997,3,-33.517398156250024
2023-12-05,66134136.84374997,0.0,66134136.84374997,2,-33.86586315625003
2023-12-06,66281693.34374997,-42000.0,66239693.34374997,1,-33.76030665625003
2023-12-07,66190238.34374997,0.0,66190238.34374997,3,-33.80976165625003
2023-12-08,66338512.44374997,-310000.0,66028512.44374997,2,-33.97148755625003
2023-12-11,65363239.69374997,0.0,65363239.69374997,1,-34.63676030625003
2023-12-12,64923419.69374997,-30000.0,64893419.69374997,2,-35.10658030625003
2023-12-13,64367380.69374997,0.0,64367380.69374997,1,-35.63261930625003
2023-12-14,64367380.69374997,0.0,64367380.69374997,3,-35.63261930625003
2023-12-15,64092770.52374997,136000.0,64228770.52374997,2,-35.771229476250035
2023-12-18,64029410.52374997,0.0,64029410.52374997,2,-35.970589476250034
2023-12-19,64029410.52374997,165000.0,64194410.52374997,2,-35.805589476250034
2023-12-20,64061166.77374997,0.0,64061166.77374997,2,-35.938833226250026
2023-12-21,63620643.52374997,-159500.0,63461143.52374997,3,-36.53885647625003
2023-12-22,63315769.77374997,-36000.0,63279769.77374997,2,-36.72023022625003
2023-12-27,62808754.77374997,0.0,62808754.77374997,2,-37.19124522625003
2023-12-28,62947983.85499997,0.0,62947983.85499997,1,-37.05201614500003
2023-12-29,62532267.85499997,0.0,62532267.85499997,2,-37.467732145000035
2024-01-02,62075710.85499997,0.0,62075710.85499997,3,-37.92428914500003
2024-01-03,61987629.60499997,-46000.0,61941629.60499997,4,-38.05837039500003
2024-01-04,61733916.60499997,-354800.0,61379116.60499997,3,-38.620883395000035
2024-01-05,61259371.10499997,80000.0,61339371.10499997,3,-38.66062889500003
2024-01-08,61094071.10499997,20000.0,61114071.10499997,4,-38.885928895000035
2024-01-09,61406433.60499997,284500.0,61690933.60499997,3,-38.30906639500004
2024-01-10,61482778.60499997,0.0,61482778.60499997,3,-38.517221395000035
2024-01-11,61516978.60499997,123000.0,61639978.60499997,4,-38.36002139500003
2024-01-12,61908079.80499997,46000.0,61954079.80499997,2,-38.04592019500003
2024-01-15,61748057.30499997,-202500.0,61545557.30499997,3,-38.45444269500003
2024-01-16,61580893.55499997,126400.0,61707293.55499997,4,-38.29270644500003
2024-01-17,61162329.55499997,174000.0,61336329.55499997,3,-38.66367044500003
2024-01-18,61244399.55499997,0.0,61244399.55499997,3,-38.755600445000034
2024-01-19,60863316.55499997,0.0,60863316.55499997,3,-39.13668344500003
2024-01-22,61044945.88124997,-37500.0,61007445.88124997,2,-38.99255411875003
2024-01-23,60851820.88124997,115000.0,60966820.88124997,2,-39.03317911875003
2024-01-24,60921223.38124997,90000.0,61011223.38124997,1,-38.98877661875002
2024-01-25,61011560.88124997,0.0,61011560.88124997,2,-38.98843911875003
2024-01-26,59792905.13124997,0.0,59792905.13124997,1,-40.207094868750026
2024-01-29,59501379.13124997,0.0,59501379.13124997,2,-40.49862086875003
2024-01-30,59501379.13124997,-66700.0,59434679.13124997,2,-40.56532086875003
2024-01-31,59323173.63124997,0.0,59323173.63124997,3,-40.67682636875003
2024-02-01,59690173.63124997,-124000.0,59566173.63124997,3,-40.43382636875003
2024-02-02,59452363.63124997,150000.0,59602363.63124997,2,-40.39763636875003
2024-02-05,59403257.38124997,0.0,59403257.38124997,2,-40.59674261875003
2024-02-06,59403257.38124997,189000.0,59592257.38124997,5,-40.40774261875003
2024-02-07,59558042.38124997,235000.0,59793042.38124997,3,-40.206957618750025
2024-02-12,60157846.97499997,0.0,60157846.97499997,2,-39.84215302500003
2024-02-13,60290964.76499997,-44000.0,60246964.76499997,1,-39.75303523500003
2024-02-15,60312799.76499997,0.0,60312799.76499997,4,-39.687200235000034
2024-02-16,60401127.28999997,-654500.0,59746627.28999997,4,-40.25337271000003
2024-02-19,59505356.53999997,-67500.0,59437856.53999997,2,-40.56214346000003
2024-02-20,59661117.28999997,225000.0,59886117.28999997,3,-40.113882710000034
2024-02-21,59804086.03999997,-209000.0,59595086.03999997,3,-40.40491396000003
2024-02-22,59397067.28999997,55000.0,59452067.28999997,1,-40.547932710000026
2024-02-23,59407379.78999997,0.0,59407379.78999997,0,-40.59262021000003
2024-02-26,59407379.78999997,0.0,59407379.78999997,3,-40.59262021000003
2024-02-27,59407379.78999997,87000.0,59494379.78999997,5,-40.50562021000003
2024-02-28,59306604.78999997,0.0,59306604.78999997,1,-40.693395210000034
2024-02-29,59231092.28999997,0.0,59231092.28999997,4,-40.76890771000003
2024-03-01,59231092.28999997,-25900.0,59205192.28999997,5,-40.79480771000003
2024-03-04,59208078.78999997,228000.0,59436078.78999997,1,-40.56392121000003
2024-03-05,58889615.03999997,0.0,58889615.03999997,2,-41.110384960000026
2024-03-06,58492410.53999997,105000.0,58597410.53999997,4,-41.40258946000003
2024-03-07,58589185.53999997,207000.0,58796185.53999997,4,-41.20381446000003
2024-03-08,58916915.53999997,0.0,58916915.53999997,1,-41.08308446000003
2024-03-13,58538184.03999997,180000.0,58718184.03999997,4,-41.28181596000003
2024-03-14,58623363.41499997,13500.0,58636863.41499997,4,-41.363136585000035
2024-03-15,58193134.91499997,-140000.0,58053134.91499997,1,-41.94686508500003
2024-03-18,58012184.91499997,0.0,58012184.91499997,0,-41.98781508500003
2024-03-19,58012184.91499997,0.0,58012184.91499997,2,-41.98781508500003
2024-03-20,58012184.91499997,80000.0,58092184.91499997,4,-41.90781508500003
2024-03-21,58191164.91499997,120000.0,58311164.91499997,3,-41.68883508500003
2024-03-22,58286147.41499997,35000.0,58321147.41499997,3,-41.67885258500003
2024-03-25,58298091.16499997,104200.0,58402291.16499997,4,-41.59770883500003
2024-03-26,58235610.16499997,-75000.0,58160610.16499997,3,-41.83938983500003
2024-03-27,57829410.16499997,-112500.0,57716910.16499997,3,-42.283089835000034
2024-03-28,57452979.66499997,-33000.0,57419979.66499997,2,-42.58002033500003
2024-04-01,56960633.66499997,-175000.0,56785633.66499997,3,-43.21436633500003
2024-04-02,56496540.66499997,337000.0,56833540.66499997,4,-43.16645933500003
2024-04-03,56117905.66499997,99500.0,56217405.66499997,3,-43.78259433500003
2024-04-04,56456846.16499997,31000.0,56487846.16499997,3,-43.51215383500003
2024-04-05,56476376.16499997,-106000.0,56370376.16499997,4,-43.62962383500003
2024-04-16,55466770.66499997,-224000.0,55242770.66499997,1,-44.757229335000034
2024-04-17,55289941.16499997,0.0,55289941.16499997,2,-44.710058835000034
2024-04-18,55289941.16499997,-29000.0,55260941.16499997,3,-44.73905883500003
2024-04-19,54253845.66499997,0.0,54253845.66499997,1,-45.746154335000035
2024-04-22,53897950.66499997,0.0,53897950.66499997,2,-46.102049335000025
2024-04-23,53137643.66499997,-135000.0,53002643.66499997,2,-46.99735633500003
2024-04-24,52779117.41499997,0.0,52779117.41499997,1,-47.22088258500003
2024-04-25,52435506.66499997,0.0,52435506.66499997,2,-47.56449333500003
2024-04-26,52002423.66499997,0.0,52002423.66499997,3,-47.99757633500003
2024-04-29,52261786.16499997,0.0,52261786.16499997,1,-47.73821383500003
2024-04-30,51911566.16499997,-27500.0,51884066.16499997,4,-48.11593383500003
2024-05-02,51530982.91499997,-97000.0,51433982.91499997,3,-48.56601708500003
2024-05-03,51427775.41499997,75000.0,51502775.41499997,2,-48.49722458500003
2024-05-06,50925467.41499997,-35000.0,50890467.41499997,2,-49.10953258500003
2024-05-07,50786254.91499997,64000.0,50850254.91499997,4,-49.14974508500003
2024-05-08,50849455.03999997,-2000.0,50847455.03999997,3,-49.152544960000036
2024-05-13,50606520.03999997,67500.0,50674020.03999997,3,-49.32597996000003
2024-05-14,50713823.66499997,-13000.0,50700823.66499997,2,-49.299176335000034
2024-05-15,50468156.16499997,0.0,50468156.16499997,2,-49.53184383500003
2024-05-16,50468156.16499997,43000.0,50511156.16499997,4,-49.488843835000026
2024-05-17,50350710.66499997,-61000.0,50289710.66499997,2,-49.71028933500003
2024-05-20,49682679.16499997,0.0,49682679.16499997,1,-50.31732083500003
2024-05-21,49324631.16499997,-180000.0,49144631.16499997,3,-50.85536883500003
2024-05-22,49160656.16499997,92000.0,49252656.16499997,3,-50.74734383500004
2024-05-27,48939856.16499997,-117500.0,48822356.16499997,3,-51.17764383500003
2024-05-28,48187577.16499997,208000.0,48395577.16499997,2,-51.60442283500003
2024-05-29,48447352.16499997,60000.0,48507352.16499997,2,-51.49264783500003
2024-05-30,48654442.16499997,-196000.0,48458442.16499997,2,-51.54155783500003
2024-05-31,47610767.16499997,0.0,47610767.16499997,1,-52.38923283500003
2024-06-03,47292605.91499997,-92000.0,47200605.91499997,1,-52.79939408500003
2024-06-04,47279668.41499997,0.0,47279668.41499997,3,-52.72033158500003
2024-06-05,47244393.41499997,-245000.0,46999393.41499997,4,-53.00060658500003
2024-06-06,46982760.91499997,175400.0,47158160.91499997,3,-52.84183908500003
2024-06-07,47262108.41499997,39000.0,47301108.41499997,3,-52.69889158500003
2024-06-10,46811940.41499997,13200.0,46825140.41499997,3,-53.174859585000036
2024-06-11,46382200.16499997,0.0,46382200.16499997,2,-53.617799835000035
2024-06-12,46235620.16499997,55200.0,46290820.16499997,3,-53.70917983500003
2024-06-13,46090444.16499997,-266500.0,45823944.16499997,4,-54.17605583500003
2024-06-14,45306472.66499997,-25500.0,45280972.66499997,2,-54.71902733500003
2024-06-19,45170302.66499997,-50000.0,45120302.66499997,1,-54.87969733500003
2024-06-20,44977958.91499997,0.0,44977958.91499997,1,-55.022041085000026
2024-06-21,44945848.91499997,0.0,44945848.91499997,1,-55.054151085000036
2024-06-24,44945848.91499997,-24500.0,44921348.91499997,1,-55.07865108500003
2024-06-25,44912528.91499997,0.0,44912528.91499997,2,-55.087471085000026
2024-06-26,44912528.91499997,129000.0,45041528.91499997,4,-54.95847108500003
2024-06-27,45035786.66499997,60000.0,45095786.66499997,2,-54.90421333500003
2024-06-28,44639752.66499997,112000.0,44751752.66499997,3,-55.24824733500003
2024-07-01,44553510.13999997,100000.0,44653510.13999997,2,-55.34648986000003
2024-07-02,44572635.13999997,-20500.0,44552135.13999997,4,-55.44786486000003
2024-07-03,44598796.16499997,-178500.0,44420296.16499997,3,-55.579703835000025
2024-07-04,44553214.91499997,0.0,44553214.91499997,2,-55.44678508500003
2024-07-05,44521014.91499997,-81000.0,44440014.91499997,3,-55.55998508500003
2024-07-08,44514602.41499997,100000.0,44614602.41499997,4,-55.38539758500003
2024-07-09,44207388.41499997,-194000.0,44013388.41499997,2,-55.986611585000034
2024-07-10,43851575.91499997,0.0,43851575.91499997,1,-56.14842408500002
2024-07-11,43851575.91499997,0.0,43851575.91499997,5,-56.14842408500002
2024-07-12,43916521.45249997,158000.0,44074521.45249997,4,-55.92547854750003
2024-07-15,43814471.45249997,0.0,43814471.45249997,1,-56.18552854750003
2024-07-16,43814471.45249997,93000.0,43907471.45249997,1,-56.09252854750003
2024-07-17,43688921.45249997,0.0,43688921.45249997,1,-56.311078547500024
2024-07-18,43688921.45249997,-80000.0,43608921.45249997,3,-56.39107854750003
2024-07-19,42818589.45249997,15000.0,42833589.45249997,2,-57.16641054750002
2024-07-22,42817239.45249997,0.0,42817239.45249997,2,-57.18276054750003
2024-07-23,42726789.45249997,-31000.0,42695789.45249997,3,-57.304210547500034
2024-07-24,42889111.95249997,-105000.0,42784111.95249997,3,-57.21588804750003
2024-07-25,42385024.45249997,52000.0,42437024.45249997,1,-57.56297554750003
2024-07-26,42030179.70249997,0.0,42030179.70249997,0,-57.96982029750003
2024-07-29,41737506.45249997,0.0,41737506.45249997,1,-58.26249354750003
2024-07-30,41737506.45249997,-117000.0,41620506.45249997,3,-58.379493547500026
2024-07-31,41400991.95249997,-150000.0,41250991.95249997,2,-58.74900804750003
2024-08-01,41088204.45249997,60000.0,41148204.45249997,3,-58.85179554750003
2024-08-02,41012491.95249997,-111000.0,40901491.95249997,2,-59.09850804750003
2024-08-05,40772111.95249997,0.0,40772111.95249997,3,-59.22788804750003
2024-08-06,40497274.45249997,186000.0,40683274.45249997,4,-59.31672554750003
2024-08-07,40388999.54624997,135000.0,40523999.54624997,1,-59.47600045375003
2024-08-08,40521679.79624997,0.0,40521679.79624997,2,-59.47832020375004
2024-08-09,40521679.79624997,81000.0,40602679.79624997,4,-59.39732020375003
2024-08-12,40540186.04624997,-15600.0,40524586.04624997,3,-59.475413953750035
2024-08-13,40550111.54624997,-129500.0,40420611.54624997,3,-59.57938845375003
2024-08-14,40486305.29624997,0.0,40486305.29624997,3,-59.51369470375003
2024-08-15,40494095.29624997,55500.0,40549595.29624997,4,-59.450404703750024
2024-08-16,40583959.05874997,-23500.0,40560459.05874997,2,-59.43954094125004
2024-08-19,40553644.05874997,60000.0,40613644.05874997,4,-59.38635594125004
2024-08-20,40714151.208749965,224900.0,40939051.208749965,3,-59.060948791250034
2024-08-21,40851261.208749965,-20000.0,40831261.208749965,3,-59.16873879125003
2024-08-22,40441341.208749965,-115500.0,40325841.208749965,3,-59.67415879125003
2024-08-23,40427769.958749965,78000.0,40505769.958749965,4,-59.49423004125004
2024-08-26,40665458.958749965,31100.0,40696558.958749965,3,-59.30344104125004
2024-08-27,40396480.958749965,-125000.0,40271480.958749965,2,-59.72851904125004
2024-08-28,39881078.458749965,-52500.0,39828578.458749965,3,-60.171421541250034
2024-08-29,39448496.458749965,0.0,39448496.458749965,3,-60.55150354125004
2024-08-30,39191196.208749965,59000.0,39250196.208749965,3,-60.74980379125003
2024-09-02,39299636.208749965,35000.0,39334636.208749965,3,-60.66536379125004
2024-09-03,39130611.208749965,-100000.0,39030611.208749965,3,-60.96938879125003
2024-09-04,39081861.208749965,-129000.0,38952861.208749965,4,-61.047138791250035
2024-09-05,38808933.23374996,64500.0,38873433.23374996,3,-61.126566766250036
2024-09-06,38832826.98374996,82500.0,38915326.98374996,3,-61.084673016250036
2024-09-09,38831933.23374996,-74000.0,38757933.23374996,4,-61.24206676625003
2024-09-10,38782794.48374996,-122500.0,38660294.48374996,3,-61.339705516250035
2024-09-11,38496620.73374996,-82500.0,38414120.73374996,2,-61.58587926625003
2024-09-12,38385451.98374996,85000.0,38470451.98374996,4,-61.52954801625003
2024-09-13,37814497.23374996,-287000.0,37527497.23374996,2,-62.47250276625004
2024-09-17,37646071.083749965,0.0,37646071.083749965,3,-62.353928916250034
2024-09-18,37646071.083749965,-172500.0,37473571.083749965,4,-62.52642891625003
2024-09-19,37294779.583749965,34000.0,37328779.583749965,1,-62.67122041625004
2024-09-20,37534322.333749965,0.0,37534322.333749965,4,-62.46567766625003
2024-09-23,37700775.63374997,10000.0,37710775.63374997,3,-62.28922436625003
2024-09-24,37549820.63374997,-17500.0,37532320.63374997,2,-62.46767936625003
2024-09-25,37061264.13374997,0.0,37061264.13374997,1,-62.93873586625003
2024-09-26,37328404.13374997,0.0,37328404.13374997,3,-62.67159586625003
2024-09-27,37328404.13374997,-68000.0,37260404.13374997,5,-62.73959586625003
2024-09-30,36821582.88374997,-180000.0,36641582.88374997,2,-63.35841711625003
2024-10-01,36666432.88374997,0.0,36666432.88374997,1,-63.33356711625003
2024-10-02,36666432.88374997,-100000.0,36566432.88374997,4,-63.43356711625003
2024-10-03,36442830.88374997,0.0,36442830.88374997,4,-63.55716911625004
2024-10-04,36258998.63374997,-152600.0,36106398.63374997,2,-63.89360136625003
2024-10-07,36123021.13374997,90800.0,36213821.13374997,2,-63.78617886625003
2024-10-08,36196833.13374997,-84800.0,36112033.13374997,3,-63.88796686625003
2024-10-09,36127403.13374997,-306000.0,35821403.13374997,3,-64.17859686625003
2024-10-10,35819008.13374997,-25000.0,35794008.13374997,1,-64.20599186625003
2024-10-11,35467724.13374997,0.0,35467724.13374997,0,-64.53227586625003
2024-10-14,35467724.13374997,0.0,35467724.13374997,3,-64.53227586625003
2024-10-15,35467724.13374997,-69700.0,35398024.13374997,5,-64.60197586625003
2024-10-16,35457227.13374997,-35000.0,35422227.13374997,1,-64.57777286625003
2024-10-17,35432552.13374997,0.0,35432552.13374997,4,-64.56744786625002
2024-10-18,35204909.13374997,157000.0,35361909.13374997,4,-64.63809086625002
2024-10-21,35255032.88374997,-94500.0,35160532.88374997,2,-64.83946711625002
2024-10-22,34989224.13374997,-16000.0,34973224.13374997,3,-65.02677586625003
2024-10-23,34661186.13374997,22500.0,34683686.13374997,3,-65.31631386625003
2024-10-24,34613317.38374997,-25000.0,34588317.38374997,4,-65.41168261625003
2024-10-25,34583936.13374997,-10000.0,34573936.13374997,3,-65.42606386625003
2024-10-28,34293646.13374997,-78000.0,34215646.13374997,2,-65.78435386625003
2024-10-29,34065938.13374997,-180000.0,33885938.13374997,3,-66.11406186625003
2024-10-30,33844253.87749997,-117500.0,33726753.87749997,2,-66.27324612250003
2024-10-31,33818756.37749997,-182000.0,33636756.37749997,2,-66.36324362250004
2024-11-01,33554408.377499968,-92000.0,33462408.377499968,1,-66.53759162250003
2024-11-04,33391798.377499968,0.0,33391798.377499968,1,-66.60820162250003
2024-11-05,33441561.064999968,0.0,33441561.064999968,0,-66.55843893500003
2024-11-06,33441561.064999968,0.0,33441561.064999968,2,-66.55843893500003
2024-11-07,33441561.064999968,-16500.0,33425061.064999968,5,-66.57493893500003
2024-11-08,33346501.064999968,-77600.0,33268901.064999968,2,-66.73109893500003
2024-11-11,33337748.904999968,0.0,33337748.904999968,0,-66.66225109500003
2024-11-12,33108989.654999968,0.0,33108989.654999968,1,-66.89101034500003
2024-11-13,32883769.154999968,-32500.0,32851269.154999968,2,-67.14873084500003
2024-11-14,32795594.154999968,-22500.0,32773094.154999968,3,-67.22690584500003
2024-11-15,32432259.404999968,-93500.0,32338759.404999968,3,-67.66124059500002
2024-11-18,31912679.154999968,0.0,31912679.154999968,1,-68.08732084500004
2024-11-19,31670507.404999968,0.0,31670507.404999968,3,-68.32949259500003
2024-11-20,31670507.404999968,98400.0,31768907.404999968,3,-68.23109259500004
2024-11-21,31487161.404999968,0.0,31487161.404999968,2,-68.51283859500002
2024-11-22,31294241.404999968,-34000.0,31260241.404999968,2,-68.73975859500004
2024-11-25,31012077.904999968,-34000.0,30978077.904999968,3,-69.02192209500004
2024-11-26,30772953.404999968,-170000.0,30602953.404999968,3,-69.39704659500003
2024-11-28,30532192.154999968,-41900.0,30490292.154999968,3,-69.50970784500002
2024-11-29,30467142.404999968,-126000.0,30341142.404999968,2,-69.65885759500003
2024-12-02,30168938.654999968,0.0,30168938.654999968,3,-69.83106134500004
2024-12-03,30168938.654999968,84300.0,30253238.654999968,5,-69.74676134500002
2024-12-04,30307809.779999968,70000.0,30377809.779999968,2,-69.62219022000002
2024-12-05,30198116.029999968,0.0,30198116.029999968,3,-69.80188397000003
2024-12-06,29999519.029999968,59000.0,30058519.029999968,3,-69.94148097000003
2024-12-09,29949401.529999968,0.0,29949401.529999968,2,-70.05059847000003
2024-12-10,29949401.529999968,-149400.0,29800001.529999968,5,-70.19999847000003
2024-12-11,29845416.82999997,55400.0,29900816.82999997,2,-70.09918317000003
2024-12-12,29737601.82999997,0.0,29737601.82999997,3,-70.26239817000003
2024-12-13,29497847.82999997,-74600.0,29423247.82999997,4,-70.57675217000003
2024-12-16,29179358.82999997,-10000.0,29169358.82999997,2,-70.83064117000004
2024-12-17,29053077.57999997,-47500.0,29005577.57999997,1,-70.99442242000003
2024-12-18,28958935.36124997,0.0,28958935.36124997,2,-71.04106463875003
2024-12-19,28764378.86124997,-100500.0,28663878.86124997,3,-71.33612113875003
2024-12-20,28423959.61124997,0.0,28423959.61124997,2,-71.57604038875003
2024-12-23,28547365.86124997,54800.0,28602165.86124997,3,-71.39783413875003
2024-12-24,28648848.61124997,-45000.0,28603848.61124997,2,-71.39615138875003
2024-12-27,28435823.86124997,0.0,28435823.86124997,0,-71.56417613875004
2024-12-30,28435823.86124997,0.0,28435823.86124997,2,-71.56417613875004
2025-01-02,28243486.61124997,-14000.0,28229486.61124997,2,-71.77051338875003
2025-01-03,27964855.36124997,0.0,27964855.36124997,2,-72.03514463875003
2025-01-06,27964855.36124997,26000.0,27990855.36124997,5,-72.00914463875003
2025-01-07,28076778.86124997,-17000.0,28059778.86124997,3,-71.94022113875003
2025-01-08,27919233.11124997,0.0,27919233.11124997,2,-72.08076688875003
2025-01-09,27709740.11124997,-112000.0,27597740.11124997,1,-72.40225988875004
2025-01-10,27414526.61124997,0.0,27414526.61124997,3,-72.58547338875003
2025-01-13,27393803.11124997,-85800.0,27308003.11124997,4,-72.69199688875003
2025-01-14,27186571.61124997,-111000.0,27075571.61124997,2,-72.92442838875003
2025-01-15,27190629.11124997,0.0,27190629.11124997,1,-72.80937088875004
2025-01-16,27190629.11124997,0.0,27190629.11124997,2,-72.80937088875004
2025-01-17,26980926.86124997,0.0,26980926.86124997,3,-73.01907313875003
2025-01-20,26980926.86124997,-227400.0,26753526.86124997,4,-73.24647313875003
2025-01-21,26746262.36124997,0.0,26746262.36124997,2,-73.25373763875002
2025-01-22,26766289.42374997,0.0,26766289.42374997,3,-73.23371057625003
2025-01-23,26766289.42374997,-16000.0,26750289.42374997,5,-73.24971057625002
2025-01-24,26330103.67374997,-99000.0,26231103.67374997,1,-73.76889632625003
2025-01-30,26156340.67374997,0.0,26156340.67374997,2,-73.84365932625003
2025-01-31,26156340.67374997,55200.0,26211540.67374997,5,-73.78845932625003
2025-02-03,26104175.67374997,-7000.0,26097175.67374997,3,-73.90282432625003
2025-02-04,25999605.67374997,0.0,25999605.67374997,1,-74.00039432625003
2025-02-05,25999605.67374997,52000.0,26051605.67374997,2,-73.94839432625004
2025-02-06,25806594.17374997,39000.0,25845594.17374997,1,-74.15440582625004
2025-02-07,25761614.17374997,0.0,25761614.17374997,1,-74.23838582625002
2025-02-10,25604464.17374997,30500.0,25634964.17374997,3,-74.36503582625004
2025-02-11,25554977.92374997,-48500.0,25506477.92374997,3,-74.49352207625003
2025-02-12,25505729.17374997,0.0,25505729.17374997,1,-74.49427082625003
2025-02-13,25505729.17374997,-108400.0,25397329.17374997,1,-74.60267082625003
2025-02-14,25297397.92374997,0.0,25297397.92374997,0,-74.70260207625003
2025-02-17,25123315.67374997,0.0,25123315.67374997,1,-74.87668432625003
2025-02-18,25123315.67374997,37500.0,25160815.67374997,3,-74.83918432625003
2025-02-19,25168846.92374997,-142200.0,25026646.92374997,4,-74.97335307625002
2025-02-20,24953822.073749967,-72000.0,24881822.073749967,2,-75.11817792625004
2025-02-21,24839633.073749967,16000.0,24855633.073749967,3,-75.14436692625004
2025-02-24,24672451.073749967,-22500.0,24649951.073749967,2,-75.35004892625004
2025-02-25,24344640.323749967,0.0,24344640.323749967,2,-75.65535967625004
2025-02-26,24399895.523749966,-20500.0,24379395.523749966,4,-75.62060447625004
2025-02-27,24075175.773749966,-20000.0,24055175.773749966,2,-75.94482422625003
2025-02-28,23768011.773749966,0.0,23768011.773749966,0,-76.23198822625004
2025-03-03,23595796.773749966,0.0,23595796.773749966,1,-76.40420322625003
2025-03-04,23595796.773749966,66000.0,23661796.773749966,2,-76.33820322625003
2025-03-05,23418546.273749966,-64500.0,23354046.273749966,1,-76.64595372625004
2025-03-06,23259371.023749966,0.0,23259371.023749966,1,-76.74062897625004
2025-03-07,23108286.023749966,-47000.0,23061286.023749966,2,-76.93871397625004
2025-03-10,22917548.273749966,-112000.0,22805548.273749966,2,-77.19445172625004
2025-03-11,22616214.273749966,0.0,22616214.273749966,1,-77.38378572625004
2025-03-12,22616214.273749966,20000.0,22636214.273749966,4,-77.36378572625003
2025-03-13,22568809.273749966,-45000.0,22523809.273749966,1,-77.47619072625004
2025-03-14,22445895.523749966,0.0,22445895.523749966,3,-77.55410447625005
2025-03-17,22445895.523749966,-51000.0,22394895.523749966,3,-77.60510447625005
2025-03-18,22050643.023749966,0.0,22050643.023749966,1,-77.94935697625004
2025-03-19,21901311.023749966,50000.0,21951311.023749966,3,-78.04868897625003
2025-03-20,21633506.523749966,34000.0,21667506.523749966,1,-78.33249347625004
2025-03-21,21666193.486249965,0.0,21666193.486249965,1,-78.33380651375002
2025-03-24,21523421.236249965,-30000.0,21493421.236249965,2,-78.50657876375003
2025-03-25,21486052.486249965,-76000.0,21410052.486249965,1,-78.58994751375003
2025-03-26,21385091.236249965,0.0,21385091.236249965,1,-78.61490876375004
2025-03-27,21531947.236249965,42000.0,21573947.236249965,3,-78.42605276375004
2025-04-08,21078370.986249965,0.0,21078370.986249965,0,-78.92162901375002
2025-04-09,20772401.986249965,0.0,20772401.986249965,1,-79.22759801375004
2025-04-10,20772401.986249965,54000.0,20826401.986249965,1,-79.17359801375004
2025-04-11,20812406.986249965,0.0,20812406.986249965,0,-79.18759301375003
2025-04-14,20672318.986249965,0.0,20672318.986249965,1,-79.32768101375002
2025-04-15,20535129.986249965,26400.0,20561529.986249965,2,-79.43847001375003
2025-04-16,20545887.986249965,-74000.0,20471887.986249965,2,-79.52811201375003
2025-04-17,20456902.986249965,-16600.0,20440302.986249965,3,-79.55969701375003
2025-04-21,20590574.486249965,-81000.0,20509574.486249965,4,-79.49042551375003
2025-04-22,20355810.236249965,7000.0,20362810.236249965,2,-79.63718976375003
2025-04-23,20227177.036249965,0.0,20227177.036249965,2,-79.77282296375003
2025-04-24,20227177.036249965,-40000.0,20187177.036249965,3,-79.81282296375002
2025-04-25,20214969.536249965,8500.0,20223469.536249965,3,-79.77653046375003
2025-04-28,20182924.536249965,76500.0,20259424.536249965,3,-79.74057546375003
2025-04-29,20206140.786249965,38000.0,20244140.786249965,3,-79.75585921375003
2025-04-30,20267130.786249965,64000.0,20331130.786249965,4,-79.66886921375004
2025-05-02,20064502.036249965,-33700.0,20030802.036249965,2,-79.96919796375003
2025-05-05,19914744.036249965,0.0,19914744.036249965,2,-80.08525596375003
2025-05-06,19773633.286249965,-22000.0,19751633.286249965,4,-80.24836671375003
2025-05-07,19638108.286249965,-6200.0,19631908.286249965,3,-80.36809171375003
2025-05-08,19653756.536249965,-42000.0,19611756.536249965,3,-80.38824346375003
2025-05-09,19467123.286249965,-40000.0,19427123.286249965,2,-80.57287671375003
2025-05-14,19453255.786249965,0.0,19453255.786249965,3,-80.54674421375003
2025-05-15,19453255.786249965,-71600.0,19381655.786249965,5,-80.61834421375004
2025-05-16,19551760.786249965,0.0,19551760.786249965,1,-80.44823921375004
2025-05-19,19621673.286249965,0.0,19621673.286249965,1,-80.37832671375004
2025-05-20,19615044.286249965,40000.0,19655044.286249965,3,-80.34495571375004
2025-05-21,19400855.146249965,24400.0,19425255.146249965,2,-80.57474485375003
2025-05-22,19301150.646249965,0.0,19301150.646249965,4,-80.69884935375003
2025-05-23,19275016.896249965,-49400.0,19225616.896249965,4,-80.77438310375004
2025-05-26,19192418.696249966,0.0,19192418.696249966,1,-80.80758130375004
2025-05-27,19064862.696249966,30000.0,19094862.696249966,4,-80.90513730375004
2025-05-28,18860481.196249966,-79000.0,18781481.196249966,2,-81.21851880375004
2025-06-02,18595015.946249966,0.0,18595015.946249966,2,-81.40498405375004
2025-06-03,18338880.446249966,20000.0,18358880.446249966,2,-81.64111955375004
2025-06-04,18415245.046249967,0.0,18415245.046249967,3,-81.58475495375002
2025-06-05,18653765.296249967,0.0,18653765.296249967,1,-81.34623470375003
2025-06-10,18752499.246249966,0.0,18752499.246249966,3,-81.24750075375002
2025-06-11,18777006.996249966,24800.0,18801806.996249966,4,-81.19819300375003
2025-06-12,18699799.996249966,-51000.0,18648799.996249966,3,-81.35120000375002
2025-06-13,18575708.496249966,0.0,18575708.496249966,2,-81.42429150375003
2025-06-16,18575708.496249966,-66000.0,18509708.496249966,5,-81.49029150375003
2025-06-17,18421251.246249966,32700.0,18453951.246249966,2,-81.54604875375003
2025-06-18,18395771.496249966,0.0,18395771.496249966,1,-81.60422850375004
2025-06-19,18273089.496249966,0.0,18273089.496249966,1,-81.72691050375003
2025-06-20,18144497.496249966,12000.0,18156497.496249966,2,-81.84350250375002
2025-06-23,18153024.496249966,0.0,18153024.496249966,0,-81.84697550375003
2025-06-24,18037086.496249966,0.0,18037086.496249966,1,-81.96291350375003
2025-06-25,17916781.746249966,-78000.0,17838781.746249966,1,-82.16121825375002
2025-06-26,17838684.246249966,0.0,17838684.246249966,0,-82.16131575375003
2025-06-30,17838684.246249966,0.0,17838684.246249966,0,-82.16131575375003
2025-07-01,17720716.746249966,0.0,17720716.746249966,2,-82.27928325375002
2025-07-02,17720716.746249966,-68200.0,17652516.746249966,3,-82.34748325375003
2025-07-03,17531362.246249966,-12000.0,17519362.246249966,2,-82.48063775375003
2025-07-04,17482732.246249966,18000.0,17500732.246249966,3,-82.49926775375003
2025-07-07,17475757.246249966,34500.0,17510257.246249966,3,-82.48974275375002
2025-07-08,17344934.746249966,18200.0,17363134.746249966,3,-82.63686525375003
2025-07-09,17240992.746249966,-10000.0,17230992.746249966,2,-82.76900725375003
2025-07-10,17144808.996249966,0.0,17144808.996249966,3,-82.85519100375002
2025-07-11,17167144.996249966,-3000.0,17164144.996249966,3,-82.83585500375003
2025-07-14,17243417.496249966,0.0,17243417.496249966,3,-82.75658250375002
2025-07-15,17067571.496249966,-12000.0,17055571.496249966,2,-82.94442850375002
2025-07-16,17103151.496249966,-30000.0,17073151.496249966,4,-82.92684850375002
2025-07-17,17145761.496249966,61200.0,17206961.496249966,3,-82.79303850375003
2025-07-18,17206325.246249966,-63000.0,17143325.246249966,3,-82.85667475375003
2025-07-21,17166612.746249966,-38500.0,17128112.746249966,4,-82.87188725375003
2025-07-22,17017240.246249966,2000.0,17019240.246249966,3,-82.98075975375002
2025-07-23,16915447.246249966,13000.0,16928447.246249966,2,-83.07155275375003
2025-07-24,16899941.996249966,0.0,16899941.996249966,2,-83.10005800375002
2025-07-25,16899941.996249966,-19500.0,16880441.996249966,4,-83.11955800375003
2025-07-28,16891950.746249966,-24000.0,16867950.746249966,3,-83.13204925375003
2025-07-29,16754643.246249966,-36000.0,16718643.246249966,2,-83.28135675375002
2025-07-30,16565995.746249966,0.0,16565995.746249966,0,-83.43400425375003
2025-07-31,16565995.746249966,0.0,16565995.746249966,3,-83.43400425375003
2025-08-01,16590553.308749966,33000.0,16623553.308749966,2,-83.37644669125002
2025-08-04,16402486.308749966,0.0,16402486.308749966,0,-83.59751369125003
2025-08-05,16153062.808749966,0.0,16153062.808749966,3,-83.84693719125002
2025-08-06,16037685.808749966,32600.0,16070285.808749966,3,-83.92971419125003
2025-08-07,16031593.308749966,-18000.0,16013593.308749966,3,-83.98640669125002
2025-08-08,16143441.118749967,60000.0,16203441.118749967,2,-83.79655888125004
2025-08-11,16155197.368749967,0.0,16155197.368749967,2,-83.84480263125003
2025-08-12,16069633.768749967,0.0,16069633.768749967,1,-83.93036623125003
2025-08-13,16069633.768749967,0.0,16069633.768749967,3,-83.93036623125003
2025-08-14,16103558.768749967,82500.0,16186058.768749967,4,-83.81394123125003
2025-08-15,16089635.018749967,-69800.0,16019835.018749967,3,-83.98016498125003
2025-08-19,16068002.108749967,7500.0,16075502.108749967,2,-83.92449789125003
2025-08-20,16056039.608749967,5000.0,16061039.608749967,4,-83.93896039125003
2025-08-21,15946596.608749967,-76400.0,15870196.608749967,3,-84.12980339125002
2025-08-22,15829741.608749967,0.0,15829741.608749967,0,-84.17025839125003
2025-08-25,15726271.608749967,0.0,15726271.608749967,4,-84.27372839125002
2025-08-26,15620142.858749967,2600.0,15622742.858749967,4,-84.37725714125003
2025-08-27,15612226.058749966,0.0,15612226.058749966,0,-84.38777394125002
2025-08-28,15507160.058749966,0.0,15507160.058749966,4,-84.49283994125003
2025-08-29,15303833.808749966,-43500.0,15260333.808749966,3,-84.73966619125002
2025-09-01,15000050.308749966,-35000.0,14965050.308749966,2,-85.03494969125003
2025-09-02,14993787.808749966,-8500.0,14985287.808749966,3,-85.01471219125003
2025-09-03,15062700.308749966,21000.0,15083700.308749966,3,-84.91629969125003
2025-09-04,15129571.658749966,10200.0,15139771.658749966,2,-84.86022834125004
2025-09-08,15029963.658749966,0.0,15029963.658749966,2,-84.97003634125004
2025-09-09,15059051.908749966,0.0,15059051.908749966,2,-84.94094809125004
2025-09-10,14962067.908749966,22200.0,14984267.908749966,1,-85.01573209125003
2025-09-11,14973001.408749966,0.0,14973001.408749966,4,-85.02699859125003
2025-09-12,14973001.408749966,93000.0,15066001.408749966,5,-84.93399859125003
2025-09-15,15025971.408749966,19000.0,15044971.408749966,1,-84.95502859125004
2025-09-16,15034188.908749966,0.0,15034188.908749966,1,-84.96581109125003
2025-09-17,15121740.908749966,0.0,15121740.908749966,3,-84.87825909125003
2025-09-18,15121740.908749966,-44000.0,15077740.908749966,5,-84.92225909125003
2025-09-19,15042542.158749966,-28000.0,15014542.158749966,1,-84.98545784125004
2025-09-22,14787708.408749966,0.0,14787708.408749966,2,-85.21229159125004
2025-09-23,14726512.908749966,-22500.0,14704012.908749966,3,-85.29598709125004
2025-09-24,14707781.658749966,-39000.0,14668781.658749966,4,-85.33121834125004
2025-09-25,14664927.658749966,-20000.0,14644927.658749966,1,-85.35507234125002
2025-09-26,14554299.658749966,0.0,14554299.658749966,2,-85.44570034125003
2025-09-29,14554299.658749966,-45000.0,14509299.658749966,3,-85.49070034125003
2025-09-30,14431703.158749966,-29000.0,14402703.158749966,3,-85.59729684125004
2025-10-01,14391973.158749966,-25000.0,14366973.158749966,4,-85.63302684125004
2025-10-02,14256453.158749966,-39000.0,14217453.158749966,1,-85.78254684125002
2025-10-03,14206728.158749966,0.0,14206728.158749966,0,-85.79327184125003
2025-10-06,14206728.158749966,0.0,14206728.158749966,0,-85.79327184125003
2025-10-07,14284287.158749966,0.0,14284287.158749966,1,-85.71571284125004
2025-10-08,14112693.158749966,0.0,14112693.158749966,1,-85.88730684125004
2025-10-09,13934271.658749966,-11000.0,13923271.658749966,3,-86.07672834125003
2025-10-10,13956979.408749966,10000.0,13966979.408749966,3,-86.03302059125004
2025-10-13,13950354.408749966,-35000.0,13915354.408749966,3,-86.08464559125004
2025-10-14,13932910.658749966,-60000.0,13872910.658749966,3,-86.12708934125003
2025-10-15,13867753.658749966,20000.0,13887753.658749966,2,-86.11224634125003
2025-10-16,13870378.658749966,18000.0,13888378.658749966,1,-86.11162134125003
2025-10-17,13890103.658749966,0.0,13890103.658749966,0,-86.10989634125004
2025-10-20,13703768.658749966,0.0,13703768.658749966,3,-86.29623134125004
2025-10-21,13703768.658749966,-62500.0,13641268.658749966,3,-86.35873134125004
2025-10-22,13497934.158749966,0.0,13497934.158749966,1,-86.50206584125003
2025-10-23,13427890.158749966,-30000.0,13397890.158749966,4,-86.60210984125003
2025-10-24,13353378.908749966,-54000.0,13299378.908749966,3,-86.70062109125003
2025-10-27,13197293.158749966,0.0,13197293.158749966,2,-86.80270684125003
2025-10-28,13098401.158749966,0.0,13098401.158749966,3,-86.90159884125002
2025-10-29,13018254.658749966,-27500.0,12990754.658749966,4,-87.00924534125004
2025-10-30,12916249.658749966,-15000.0,12901249.658749966,2,-87.09875034125002
2025-10-31,12892687.158749966,-16500.0,12876187.158749966,4,-87.12381284125004
2025-11-03,12930298.871249966,-42000.0,12888298.871249966,2,-87.11170112875003
2025-11-04,12851688.871249966,-15000.0,12836688.871249966,4,-87.16331112875004
2025-11-05,12753873.746249966,10000.0,12763873.746249966,2,-87.23612625375003
2025-11-06,12736823.746249966,-30000.0,12706823.746249966,4,-87.29317625375003
2025-11-07,12649521.346249966,-16000.0,12633521.346249966,2,-87.36647865375004
2025-11-10,12320339.596249966,0.0,12320339.596249966,1,-87.67966040375003
2025-11-11,12320339.596249966,-22500.0,12297839.596249966,2,-87.70216040375003
2025-11-12,12296714.596249966,-17800.0,12278914.596249966,4,-87.72108540375004
2025-11-13,12269792.096249966,29200.0,12298992.096249966,4,-87.70100790375002
2025-11-14,12227672.596249966,-8000.0,12219672.596249966,2,-87.78032740375004
2025-11-17,12138539.596249966,-4000.0,12134539.596249966,2,-87.86546040375003
2025-11-18,12070730.596249966,-30000.0,12040730.596249966,1,-87.95926940375003
2025-11-19,12007293.096249966,0.0,12007293.096249966,1,-87.99270690375003
2025-11-20,11867017.596249966,5000.0,11872017.596249966,2,-88.12798240375002
2025-11-21,11807179.596249966,0.0,11807179.596249966,1,-88.19282040375003
2025-11-24,11788573.596249966,0.0,11788573.596249966,2,-88.21142640375004
2025-11-25,11724815.596249966,-65000.0,11659815.596249966,4,-88.34018440375003
2025-11-26,11610541.096249966,17000.0,11627541.096249966,1,-88.37245890375003
2025-11-27,11623955.596249966,0.0,11623955.596249966,2,-88.37604440375003
2025-11-28,11545984.096249966,0.0,11545984.096249966,1,-88.45401590375003
2025-12-01,11545984.096249966,-15000.0,11530984.096249966,3,-88.46901590375003
2025-12-02,11544765.346249966,3000.0,11547765.346249966,4,-88.45223465375003
2025-12-03,11519611.846249966,-30000.0,11489611.846249966,2,-88.51038815375003
2025-12-04,11436178.346249966,0.0,11436178.346249966,2,-88.56382165375003
2025-12-05,11436178.346249966,-800.0,11435378.346249966,2,-88.56462165375004
2025-12-08,11418219.346249966,0.0,11418219.346249966,3,-88.58178065375003
2025-12-09,11378707.346249966,-42500.0,11336207.346249966,4,-88.66379265375002
2025-12-10,11213527.846249966,7000.0,11220527.846249966,1,-88.77947215375002
2025-12-11,11177302.846249966,0.0,11177302.846249966,4,-88.82269715375003
2025-12-12,11025952.596249966,-56000.0,10969952.596249966,3,-89.03004740375003
2025-12-15,10843064.596249966,0.0,10843064.596249966,0,-89.15693540375004
2025-12-16,10772347.096249966,0.0,10772347.096249966,4,-89.22765290375003
2025-12-17,10786573.546249965,23500.0,10810073.546249965,4,-89.18992645375003
2025-12-18,10706324.796249965,12000.0,10718324.796249965,2,-89.28167520375003
2025-12-19,10640577.296249965,17000.0,10657577.296249965,3,-89.34242270375002
2025-12-22,10515212.546249965,20000.0,10535212.546249965,1,-89.46478745375003
2025-12-23,10449585.546249965,0.0,10449585.546249965,3,-89.55041445375002
2025-12-24,10449585.546249965,-29000.0,10420585.546249965,4,-89.57941445375003
2025-12-29,10240493.046249965,8000.0,10248493.046249965,1,-89.75150695375002
2025-12-30,10248893.046249965,0.0,10248893.046249965,4,-89.75110695375002
2026-01-02,10384949.046249965,8500.0,10393449.046249965,3,-89.60655095375003
2026-01-05,10390606.546249965,24000.0,10414606.546249965,3,-89.58539345375003
2026-01-06,10249859.296249965,-6000.0,10243859.296249965,2,-89.75614070375003
2026-01-07,10260172.296249965,0.0,10260172.296249965,3,-89.73982770375002
2026-01-08,10194827.796249965,42000.0,10236827.796249965,4,-89.76317220375003
2026-01-09,10201719.046249965,-4500.0,10197219.046249965,3,-89.80278095375003
2026-01-12,10079972.796249965,28000.0,10107972.796249965,3,-89.89202720375002
2026-01-13,10207913.796249965,48000.0,10255913.796249965,3,-89.74408620375003
2026-01-14,10222785.371249964,0.0,10222785.371249964,1,-89.77721462875004
2026-01-15,10257707.327499965,0.0,10257707.327499965,3,-89.74229267250003
2026-01-19,10322282.327499965,-500.0,10321782.327499965,3,-89.67821767250003
2026-01-20,10205377.827499965,4000.0,10209377.827499965,2,-89.79062217250004
2026-01-21,10189717.827499965,12000.0,10201717.827499965,3,-89.79828217250004
2026-01-22,10204045.827499965,0.0,10204045.827499965,3,-89.79595417250003
2026-01-23,10172510.077499965,-16500.0,10156010.077499965,3,-89.84398992250003
2026-01-26,10200421.077499965,0.0,10200421.077499965,1,-89.79957892250003
2026-01-27,10067581.827499965,22200.0,10089781.827499965,2,-89.91021817250004
2026-01-28,10001589.327499965,0.0,10001589.327499965,0,-89.99841067250003
2026-01-29,9868783.827499965,0.0,9868783.827499965,0,-90.13121617250003
2026-01-30,9868783.827499965,0.0,9868783.827499965,0,-90.13121617250003
2026-02-02,9868783.827499965,0.0,9868783.827499965,0,-90.13121617250003
2026-02-03,9805138.077499965,0.0,9805138.077499965,0,-90.19486192250002
2026-02-04,9805138.077499965,0.0,9805138.077499965,0,-90.19486192250002
2026-02-05,9805138.077499965,0.0,9805138.077499965,0,-90.19486192250002
2026-02-06,9805138.077499965,0.0,9805138.077499965,0,-90.19486192250002
2026-02-09,9805138.077499965,0.0,9805138.077499965,0,-90.19486192250002
2026-02-10,9867065.577499965,0.0,9867065.577499965,3,-90.13293442250003
2026-02-11,9802950.077499965,-7800.0,9795150.077499965,4,-90.20484992250003
2026-02-12,9793073.702499965,15000.0,9808073.702499965,1,-90.19192629750002
2026-02-13,9717232.702499965,0.0,9717232.702499965,3,-90.28276729750003
2026-02-18,9655399.302499965,6000.0,9661399.302499965,1,-90.33860069750004
2026-02-19,9642724.302499965,0.0,9642724.302499965,4,-90.35727569750004
2026-02-20,9642724.302499965,25900.0,9668624.302499965,5,-90.33137569750004
2026-02-23,9676458.152499964,18000.0,9694458.152499964,1,-90.30554184750004
2026-02-24,9679675.652499964,0.0,9679675.652499964,0,-90.32032434750003
2026-02-25,9552964.652499964,0.0,9552964.652499964,3,-90.44703534750003
2026-02-26,9501449.402499964,-9500.0,9491949.402499964,4,-90.50805059750004
2026-02-27,9377620.902499964,-20000.0,9357620.902499964,2,-90.64237909750004
2026-03-02,9269411.902499964,0.0,9269411.902499964,2,-90.73058809750005
2026-03-03,9207479.902499964,-19500.0,9187979.902499964,2,-90.81202009750004
2026-03-04,9091684.402499964,0.0,9091684.402499964,1,-90.90831559750005
2026-03-05,8972462.152499964,15000.0,8987462.152499964,1,-91.01253784750004
